use quanlyhocsinh;
# bang mon hoc
insert into monhoc
(MaMonHoc, TenMonHoc, SoTiet, HeSo)
values
    ('MH0001','Toán',90,2),
    ('MH0002','Vật lý',60,1),
    ('MH0003','Hoá học',60,1),
    ('MH0004','Sinh Học',60,1),
    ('MH0005','Lịch Sử',45,1),
    ('MH0006','Địa Lý',45,1),
    ('MH0007','Ngữ Văn',90,2),
    ('MH0008','Đạo Đức',30,1),
    ('MH0009','Thể Dục',30,1);

# bang giao vien
INSERT INTO giaovien (MaGiaoVien, TenGiaoVien, DiaChi, DienThoai, MaMonHoc)
values
    ('GV0001','Nguyễn Trung','Trần Hưng Đạo','0975058876','MH0001'),
    ('GV0002','Phan Hồng Nhung','Lac Quoi - Tri Ton','0976630315','MH0002'),
    ('GV0003','Huỳnh Thanh Trúc','10C Nguyễn Trung Trực','0699015456','MH0003'),
    ('GV0004','Lam Trung Toan','An Phú','0845241566','MH0004'),
    ('GV0005','Huynh Túc Trí','Kiên Giang','0123456789','MH0005'),
    ('GV0006','Lê Minh Nguyệt','Long Xuyên','0123456789','MH0006'),
    ('GV0007', 'Ninh Hải Bình', 'Hà Nội', '0923456789', 'MH0007'),
    ('GV0008', 'Nguyễn Khắc Chiến', 'Hưng Yên', '0956789012', 'MH0008'),
    ('GV0009', 'Nguyễn Việt Cường', 'Thái Bình', '0990123456', 'MH0009'),
    ('GV0010', 'Phạm Công Danh', 'Hải Phòng', '0967890123', 'MH0001'),
    ('GV0011', 'Nguyễn Văn Dũng', 'Hà Nội', '0912345678', 'MH0002'),
    ('GV0012', 'Đinh Triệu Đan', 'Lào Cai', '0987654321', 'MH0003'),
    ('GV0013', 'Nguyễn Phúc Đạt', 'Nghệ An', '0909123456', 'MH0004'),
    ('GV0014', 'Trần Văn Đạt', 'Thái Bình', '0934567890', 'MH0005'),
    ('GV0015', 'Lê Đức', 'Hà Nội', '0978901234', 'MH0006'),
    ('GV0016', 'Ngô Minh Đức', 'Hà Nội', '0945678901', 'MH0007'),
    ('GV0017', 'Nguyễn Hoàng Đức', 'Nghệ An', '0923456789', 'MH0008'),
    ('GV0018', 'Nguyễn Năng Đức', 'Thái Bình', '0956789012', 'MH0009'),
    ('GV0019', 'Phạm Đức Hiệp', 'Hà Nội', '0990123456', 'MH0001'),
    ('GV0020', 'Nguyễn Đức Huy', 'Hà Nội', '0967890123', 'MH0002'),
    ('GV0021', 'Đỗ Xuân Hiếu', 'Hải Dương', '0912345678', 'MH0003'),
    ('GV0022', 'Nguyễn Trung Hiếu', 'Hà Nội', '0987654321', 'MH0004'),
    ('GV0023', 'Bùi Thị Hoàn', 'Thái Bình', '0909123456', 'MH0005'),
    ('GV0024', 'Ngô Doãn Hoàng', 'Thái Bình', '0934567890', 'MH0006'),
    ('GV0025', 'Nguyễn Mạnh Hùng', 'Lào Cai', '0978901234', 'MH0007'),
    ('GV0026', 'Mai Mạnh Huy', 'Thái Bình', '0945678901', 'MH0008'),
    ('GV0027', 'Nguyễn Hữu Huy', 'Nghệ An', '0923456789', 'MH0009'),
    ('GV0028', 'Trần Văn Huy', 'Thái Bình', '0956789012', 'MH0001'),
    ('GV0029', 'Nguyễn Quang Khải', 'Hà Nội', '0990123456', 'MH0002'),
    ('GV0030', 'Nguyễn Hữu Khiêm', 'Hà Nội', '0967890123', 'MH0003');

# bang khoi lop
insert into khoilop
(MaKhoiLop, TenKhoiLop)
values
    ('KHOI9','Khối 9'),
    ('KHOI8','Khối 8'),
    ('KHOI10','Khối 10'),
    ('KHOI11','Khối 11'),
    ('KHOI12','Khối 12');

# bang nam hoc
insert into namhoc
(MaNamHoc, TenNamHoc)
values
    ('NH2021','2020-2021'),
    ('NH2122','2021-2022'),
    ('NH2223','2022-2023'),
    ('NH2324','2023-2024'),
    ('NH2425','2024-2025');


# bang lop
insert into lop
(MaLop, TenLop, MaKhoiLop, MaNamHoc, SiSo, MaGiaoVien)
values
    ('L10A1','Lớp 10A1','KHOI10','NH2122',0,'GV0001'),
    ('L10A2','Lớp 10A2','KHOI10','NH2122',0,'GV0002'),
    ('L10A3','Lớp 10A3','KHOI10','NH2122',0,'GV0003'),
    ('L11A1','Lớp 11A1','KHOI11','NH2122',0,'GV0004'),
    ('L11A2','Lớp 11A2','KHOI11','NH2122',0,'GV0005'),
    ('L11A3','Lớp 11A3','KHOI11','NH2122',0,'GV0006');
INSERT INTO lop (MaLop, TenLop, MaKhoiLop, MaNamHoc, SiSo, MaGiaoVien)
VALUES
    ('L12A1','Lớp 12A1','KHOI12','NH2122',0,'GV0009'),
    ('L12A2','Lớp 12A2','KHOI12','NH2122',0,'GV0010'),
    ('L12A3','Lớp 12A3','KHOI12','NH2122',0,'GV0011');

# bang hanh kiem
insert into hanhkiem
(MaHanhKiem, TenHanhKiem)
values
    ('HK0001','Tốt'),
    ('HK0002','Khá'),
    ('HK0003','Trung bình'),
    ('HK0004','Yếu');

# bang hoc ky
insert into hocky
(MaHocKy, TenHocKy, HeSo)
VALUES
    ('HK1','Học Kỳ 1',1),
    ('HK2','Học Kỳ 2',2),
    ('HK3', 'Học Kỳ Hè',3);

# bang hoc luc
insert into hocluc
(MaHocLuc, TenHocLuc, DiemCanDuoi, DiemCanTren, DiemKhongChe)
values
    ('HL0001','Giỏi',8,10,6.5),
    ('HL0002','Khá',6.5,7.9,5),
    ('HL0003','Trung bình',5,6.4,3.5),
    ('HL0004','Yếu',3.5,4.9,2),
    ('HL0005','Kém',0,3.4,0);

# bang hoc sinh
# năm học 2021- 2022
insert into hocsinh
(MaHocSinh, HoTen, GioiTinh, NgaySinh, DiaChi, DanToc, TonGiao, HoTenCha, NgheNghiepCha, HoTenMe, NgheNghiepMe, Email)
values
    ('HS0001', 'Nguyen Van An', b'1', '2008-01-15', 'Ha Noi', 'Kinh', 'Khong', 'Nguyen Van Bao', 'Nhan vien', 'Nguyen Thi Cung', 'Nong dan', 'nguyenvana@example.com'),
    ('HS0002', 'Tran Thi Bun', b'0', '2008-02-20', 'Hai Phong', 'Kinh', 'Khong', 'Tran Van Dung', 'Ke toan', 'Tran Thi En', 'Nong dan', 'tranthib@example.com'),
    ('HS0003', 'Le Van Cao', b'1', '2008-03-12', 'Da Nang', 'Thai', 'Khong', 'Le Van Sang', 'Bac si', 'Le Thi Giang', 'Nong dan', 'levanc@example.com'),
    ('HS0004', 'Pham Thi Dung', b'0', '2008-04-05', 'Ho Chi Minh City', 'Tay', 'ThienChua', 'Pham Van Ha', 'Ke toan', 'Pham Thi Linh', 'Nong dan', 'phamthid@example.com'),
    ('HS0005', 'Hoang Van Em', b'1', '2008-05-22', 'Hue', 'Kinh', 'Khong', 'Hoang Van Kho', 'Bac si', 'Hoang Thi Khanh', 'Nong dan', 'hoangvane@example.com'),
    ('HS0006', 'Bui Thi Phi', b'0', '2008-06-18', 'Hai Duong', 'Kinh', 'Phat', 'Bui Van Linh', 'Ki su', 'Bui Thi Minh', 'Nong dan', 'buithif@example.com'),
    ('HS0007', 'Do Van Giang', b'1', '2008-07-10', 'Can Tho', 'Dao', 'ThienChua', 'Do Van Ninh', 'Giao vien', 'Do Thi Oanh', 'Nong dan', 'dovang@example.com'),
    ('HS0008', 'Vu Thị Hung', b'0', '2008-08-30', 'Nha Trang', 'Kinh', 'Khong', 'Vu Van Phanh', 'Giao vien', 'Vu Thi Quynh', 'Nong dan', 'vuthih@example.com'),
    ('HS0009', 'Nguyen Van In', b'1', '2008-09-15', 'Quang Ninh', 'Kinh', 'Khong', 'Nguyen Van Rang', 'CEO', 'Nguyen Thi Sinh', 'Nong dan', 'nguyenvani@example.com'),
    ('HS0010', 'Tran Thi Dung', b'0', '2008-10-05', 'Thanh Hoa', 'Thai', 'Phat', 'Tran Van Tung', 'CEO', 'Tran Thi Uyen', 'Nong dan', 'tranthij@example.com'),
    ('HS0011', 'Le Van Khang', b'1', '2008-11-22', 'Ha Noi', 'Kinh', 'Khong', 'Le Van Vinh', 'CEO', 'Le Thi Trang', 'Nong dan', 'levank@example.com'),
    ('HS0012', 'Pham Thi Linh', b'0', '2008-12-18', 'Hai Phong', 'Kinh', 'Khong', 'Pham Van Xinh', 'Nhan vien', 'Pham Thi Yen', 'Nong dan', 'phamthil@example.com'),
    ('HS0013', 'Hoang Van My', b'1', '2008-01-12', 'Da Nang', 'Kinh', 'Khong', 'Hoang Van Hinh', 'Nong dan', 'Hoang Thi An', 'Nong dan', 'hoangvanm@example.com'),
    ('HS0014', 'Bui Thi Ninh', b'0', '2008-02-15', 'Ho Chi Minh City', 'Kinh', 'Phat', 'Bui Van Anh', 'Nong dan', 'Bui Thi An', 'Nong dan', 'buithin@example.com'),
    ('HS0015', 'Do Van Ong', b'1', '2008-03-10', 'Hue', 'Thai', 'Khong', 'Do Van Anh', 'Nong dan', 'Do Thi An', 'Nong dan', 'dovano@example.com'),
    ('HS0016', 'Vu Thi Phuong', b'0', '2008-04-08', 'Hai Duong', 'Tay', 'ThienChua', 'Vu Van Anh', 'Nong dan', 'Vu Thi Tra', 'Nong dan', 'vuthip@example.com'),
    ('HS0017', 'Nguyen Van Quynh', b'1', '2008-05-12', 'Can Tho', 'Kinh', 'CaoDai', 'Nguyen Van Anh', 'Giao vien', 'Nguyen Thi Ai', 'Nong dan', 'nguyenvanq@example.com'),
    ('HS0018', 'Tran Thi Ruoi', b'0', '2008-06-22', 'Nha Trang', 'Dao', 'Phat', 'Tran Van Anh', 'Nong dan', 'Tran Thi Linh', 'Nong dan', 'tranthir@example.com'),
    ('HS0019', 'Le Van Sang', b'1', '2008-07-25', 'Quang Ninh', 'Kinh', 'Khong', 'Le Van Anh', 'Nhan vien', 'Le Thi Mai', 'Nong dan', 'levans@example.com'),
    ('HS0020', 'Pham Thi Tu', b'0', '2008-08-19', 'Thanh Hoa', 'Kinh', 'ThienChua', 'Pham Van An', 'Ki su', 'Pham Thi Oanh', 'Nong dan', 'phamthit@example.com'),
    ('HS0021', 'Hoang Van Uyen', b'1', '2008-09-20', 'Ha Noi', 'Thai', 'Khong', 'Hoang Van Dan', 'Giao vien', 'Hoang Thi Quynh', 'Nong dan', 'hoangvanu@example.com'),
    ('HS0022', 'Bui Thi Vinh', b'0', '2008-10-10', 'Hai Phong', 'Tay', 'Phat', 'Bui Van Va', 'Bac si', 'Bui Thi Sang', 'Nong dan', 'buithiv@example.com'),
    ('HS0023', 'Do Van Viet', b'1', '2008-11-15', 'Da Nang', 'Kinh', 'Khong', 'Do Van Vu', 'Nong dan', 'Do Thi Dinh', 'Nong dan', 'dovanw@example.com'),
    ('HS0024', 'Vu Thi Xuan', b'0', '2008-12-18', 'Ho Chi Minh City', 'Dao', 'ThienChua', 'Vu Van An', 'Giao vien', 'Vu Thi Mai', 'Nong dan', 'vuthix@example.com'),
    ('HS0025', 'Nguyen Van Yen', b'1', '2008-01-25', 'Hue', 'Kinh', 'Khong', 'Nguyen Van Xa', 'Nhan vien', 'Nguyen Thi Yen', 'Nong dan', 'nguyenvany@example.com'),
    ('HS0026', 'Tran Thi Duy', b'0', '2008-02-22', 'Hai Duong', 'Kinh', 'Phat', 'Tran Van An', 'Bac si', 'Tran Thi BA', 'Nong dan', 'tranthiz@example.com'),
    ('HS0027', 'Le Van An', b'1', '2008-03-15', 'Can Tho', 'Thai', 'Khong', 'Le Van Bao', 'Nong dan', 'Le Thi Bich', 'Giao vien', 'levanaa@example.com'),
    ('HS0028', 'Pham Thi Bao', b'0', '2008-04-12', 'Nha Trang', 'Tay', 'ThienChua', 'Pham Van Binh', 'Nong dan', 'Pham Thi Bao', 'Bac si', 'phamthibb@example.com'),
    ('HS0029', 'Hoang Van Cuong', b'1', '2008-05-18', 'Quang Ninh', 'Kinh', 'Khong', 'Hoang Van Binh', 'Nong dan', 'Hoang Thi Binh', 'Nong dan', 'hoangvancc@example.com'),
    ('HS0030', 'Bui Thi Duong', b'0', '2008-06-10', 'Thanh Hoa', 'Dao', 'Phat', 'Bui Van Ha', 'CEO', 'Bui Thi Thuy', 'Nong dan', 'buithidd@example.com'),
    ('HS0031', 'Do Van Em', b'1', '2008-07-20', 'Ha Noi', 'Kinh', 'Khong', 'Do Van Ben', 'Nong dan', 'Do Thi Kim', 'Nong dan', 'dovanee@example.com'),
    ('HS0032', 'Vu Thi Phuong', b'0', '2008-08-12', 'Hai Phong', 'Kinh', 'ThienChua', 'Vu Van Bao', 'Ki su', 'Vu Thi Mai', 'Nong dan', 'vuthiff@example.com'),
    ('HS0033', 'Nguyen Van Giang', b'1', '2008-09-10', 'Da Nang', 'Tay', 'Phat', 'Nguyen Van Bac', 'Nong dan', 'Nguyen Thi Bao', 'Nong dan', 'nguyenvangg@example.com'),
    ('HS0034', 'Tran Thi Ha', b'0', '2008-10-22', 'Ho Chi Minh City', 'Dao', 'Khong', 'Tran Van Bac', 'Nong dan', 'Tran Thi Binh', 'Nong dan', 'tranthihh@example.com'),
    ('HS0035', 'Le Van Duc', b'1', '2008-11-15', 'Hue', 'Kinh', 'Khong', 'Le Van Ban', 'Nong dan', 'Le Thi Sang', 'Bac si', 'levanii@example.com');
insert into hocsinh
(MaHocSinh, HoTen, GioiTinh, NgaySinh, DiaChi, DanToc, TonGiao, HoTenCha, NgheNghiepCha, HoTenMe, NgheNghiepMe, Email)
values
    ('HS0036', 'Nguyen Chi Dung', b'1', '2008-10-15', 'Hue', 'Kinh', 'Khong', 'Le Van Ban', 'Nong dan', 'Le Thi Sang', 'Bac si', 'ncd@example.com'),
    ('HS0037', 'Nguyen Cong Cuong', b'1', '2008-09-02', 'Nam Dinh', 'Kinh', 'Khong', 'Le Van Ban', 'Nong dan', 'Le Thi Sang', 'Bac si', 'ngcongcuong@example.com'),
    ('HS0038', 'Le Van Thuc', b'1', '2008-11-04', 'Ha Noi', 'Kinh', 'Khong', 'Le Van Ban', 'Nong dan', 'Le Thi Sang', 'Bac si', 'levanth@example.com'),
    ('HS0039', 'Ngo Quang Hai', b'0', '2008-11-20', 'Hue', 'Kinh', 'Khong', 'Le Van Ban', 'Nong dan', 'Le Thi Sang', 'Bac si', 'nqhai@example.com'),
    ('HS0040', 'Hoang Quan', b'1', '2008-02-02', 'Hue', 'Kinh', 'Khong', 'Le Van Ban', 'Nong dan', 'Le Thi Sang', 'Bac si', 'hq@example.com');

INSERT INTO hocsinh (MaHocSinh, HoTen, GioiTinh, NgaySinh, DiaChi, DanToc, TonGiao, HoTenCha, NgheNghiepCha, HoTenMe, NgheNghiepMe, Email)
VALUES
    ('HS0041', 'Chu Tuấn Anh', b'1', '2002-10-01', 'Hà Nội', 'Kinh', 'Không', 'Nguyễn Văn A', 'Công nhân', 'Trần Thị B', 'Nhân viên', 'tuananh.chu@email.com'),
    ('HS0042', 'Đặng Tuấn Anh', b'1', '2002-09-11', 'Vĩnh Phúc', 'Kinh', 'Phật', 'Lê Văn C', 'Kế toán', 'Nguyễn Thị D', 'Giáo viên', 'tuananh.dang@email.com'),
    ('HS0043', 'Hoàng Thị Phương Anh', b'0', '2002-03-30', 'Bắc Giang', 'Kinh', 'Không', 'Trần Văn E', 'Bác sĩ', 'Nguyễn Thị F', 'Cán bộ', 'phuonganh.hoang@email.com'),
    ('HS0044', 'Lê Tuấn Anh', b'1', '2002-08-06', 'Nam Định', 'Kinh', 'Không', 'Phạm Văn G', 'Công nhân', 'Trần Thị H', 'Nhân viên', 'tuananh.le@email.com'),
    ('HS0045', 'Nguyễn Duy Hoàng Anh', b'1', '2002-02-20', 'Ninh Bình', 'Kinh', 'Công Giáo', 'Hoàng Văn I', 'Kế toán', 'Nguyễn Thị K', 'Giáo viên', 'hoanganh.nguyen@email.com'),
    ('HS0046', 'Tạ Hoàng Anh', b'1', '2002-06-10', 'Phú Thọ', 'Kinh', 'Không', 'Lê Văn L', 'Bác sĩ', 'Trần Thị M', 'Cán bộ', 'hoanganh.ta@email.com'),
    ('HS0047', 'Trịnh Tuấn Anh', b'1', '2002-04-24', 'Hà Nội', 'Kinh', 'Phật', 'Phạm Văn N', 'Công nhân', 'Nguyễn Thị O', 'Nhân viên', 'tuananh.trinh@email.com'),
    ('HS0048', 'Cao Xuân Bình', b'1', '2002-04-03', 'Thanh Hoá', 'Kinh', 'Không', 'Trần Văn P', 'Kế toán', 'Lê Thị Q', 'Giáo viên', 'xuanbinh.cao@email.com'),
    ('HS0049', 'Ngô Đức Bình', b'1', '2002-09-09', 'Ninh Bình', 'Kinh', 'Công Giáo', 'Hoàng Văn R', 'Bác sĩ', 'Trần Thị S', 'Cán bộ', 'duCán bộinh.ngo@email.com'),
    ('HS0050', 'Lại Mạnh Cường', b'1', '2002-11-16', 'Nam Định', 'Kinh', 'Không', 'Lê Văn T', 'Công nhân', 'Nguyễn Thị U', 'Nhân viên', 'manhcuong.lai@email.com'),
    ('HS0051', 'Phạm Văn Cường', b'1', '2002-11-24', 'Thái Bình', 'Kinh', 'Phật', 'Trần Văn V', 'Kế toán', 'Lê Thị X', 'Giáo viên', 'vancuong.pham@email.com'),
    ('HS0052', 'Vũ Mạnh Đình', b'1', '2002-04-03', 'Thái Bình', 'Kinh', 'Không', 'Phạm Văn Y', 'Bác sĩ', 'Nguyễn Thị Z', 'Cán bộ', 'manhdinh.vu@email.com'),
    ('HS0053', 'Hà Việt Dũng', b'1', '2002-09-02', 'Thanh Hoá', 'Kinh', 'Không', 'Lê Văn AA', 'Công nhân', 'Trần Thị BB', 'Nhân viên', 'vietdung.ha@email.com'),
    ('HS0054', 'Nguyễn Ngọc Dũng', b'1', '2002-03-11', 'Hà Nội', 'Kinh', 'Công Giáo', 'Hoàng Văn CC', 'Kế toán', 'Nguyễn Thị DD', 'Giáo viên', 'ngocdung.nguyen@email.com'),
    ('HS0055', 'Nguyễn Anh Đạt', b'1', '2002-01-13', 'Thanh Hoá', 'Kinh', 'Không', 'Trần Văn EE', 'Bác sĩ', 'Lê Thị FF', 'Cán bộ', 'anhdat.nguyen@email.com'),
    ('HS0056', 'Nguyễn Duy Đạt', b'1', '2002-02-26', 'Bắc Giang', 'Kinh', 'Phật', 'Phạm Văn GG', 'Công nhân', 'Trần Thị HH', 'Nhân viên', 'duydat.nguyen@email.com'),
    ('HS0057', 'Nguyễn Hải Đăng', b'1', '2002-07-07', 'Thanh Hoá', 'Kinh', 'Không', 'Lê Văn II', 'Kế toán', 'Nguyễn Thị KK', 'Giáo viên', 'haidang.nguyen@email.com'),
    ('HS0058', 'Phí Văn Đông', b'1', '2002-11-25', 'Hải Dương', 'Kinh', 'Công Giáo', 'Hoàng Văn LL', 'Bác sĩ', 'Trần Thị MM', 'Cán bộ', 'vandong.phi@email.com'),
    ('HS0059', 'Lê Quang Đức', b'1', '2002-11-24', 'Thanh Hoá', 'Kinh', 'Không', 'Phạm Văn NN', 'Công nhân', 'Lê Thị OO', 'Nhân viên', 'quangduc.le@email.com'),
    ('HS0060', 'Nguyễn Minh Đức', b'1', '2002-06-07', 'Nam Định', 'Kinh', 'Phật', 'Trần Văn PP', 'Kế toán', 'Nguyễn Thị QQ', 'Giáo viên', 'minhduc.nguyen@email.com'),
    ('HS0061', 'Phạm Minh Đức', b'1', '2002-09-29', 'Hà Nội', 'Kinh', 'Không', 'Lê Văn RR', 'Bác sĩ', 'Trần Thị SS', 'Cán bộ', 'minhduc.pham@email.com'),
    ('HS0062', 'Trần Sơn Hải', b'1', '2002-01-18', 'Bắc Giang', 'Kinh', 'Công Giáo', 'Hoàng Văn TT', 'Công nhân', 'Nguyễn Thị UU', 'Nhân viên', 'sonhai.tran@email.com'),
    ('HS0063', 'Nguyễn Tiến Hạnh', b'1', '2002-01-31', 'Hà Nội', 'Kinh', 'Không', 'Phạm Văn VV', 'Kế toán', 'Lê Thị WW', 'Giáo viên', 'tienhanh.nguyen@email.com'),
    ('HS0064', 'Nguyễn Văn Hiếu', b'1', '2002-02-11', 'Nam Định', 'Kinh', 'Phật', 'Trần Văn XX', 'Bác sĩ', 'Nguyễn Thị YY', 'Cán bộ', 'vanhieu.nguyen@email.com'),
    ('HS0065', 'Trần Ngọc Huy Hoàng', b'1', '2002-05-25', 'Hà Nội', 'Kinh', 'Không', 'Lê Văn ZZ', 'Công nhân', 'Trần Thị AAA', 'Nhân viên', 'ngochuyhoang.tran@email.com'),
    ('HS0066', 'Vũ Đức Hoàng', b'1', '2002-06-20', 'Nam Định', 'Kinh', 'Công Giáo', 'Hoàng Văn BBB', 'Kế toán', 'Nguyễn Thị CCC', 'Giáo viên', 'duchoang.vu@email.com'),
    ('HS0067', 'Bùi Đức Huy', b'1', '2001-09-25', 'Hà Nội', 'Kinh', 'Không', 'Phạm Văn DDD', 'Bác sĩ', 'Lê Thị EEE', 'Cán bộ', 'duchuy.bui@email.com'),
    ('HS0068', 'Dương Quốc Huy', b'1', '2002-07-15', 'Thanh Hóa', 'Kinh', 'Phật', 'Trần Văn FFF', 'Công nhân', 'Nguyễn Thị GGG', 'Nhân viên', 'quochuy.duong@email.com'),
    ('HS0069', 'Đặng Cao Huy', b'1', '2002-11-19', 'Hà Nội', 'Kinh', 'Không', 'Lê Văn HHH', 'Kế toán', 'Trần Thị III', 'Giáo viên', 'caohuy.dang@email.com'),
    ('HS0070', 'Trần Mạnh Huy', b'1', '2002-10-27', 'Nghệ An', 'Kinh', 'Công Giáo', 'Hoàng Văn JJJ', 'Bác sĩ', 'Nguyễn Thị KKK', 'Cán bộ', 'manhhuy.tran@email.com'),
    ('HS0071', 'Nguyễn Doãn Tuấn Anh', b'1', '2002-03-13', 'Hà Nội', 'Kinh', 'Không', 'Nguyễn Văn A1', 'Công nhân', 'Trần Thị B1', 'Nhân viên', 'tuananh.nguyendoan@email.com'),
    ('HS0072', 'Nguyễn Quang Anh', b'1', '2002-12-10', 'Hà Nội', 'Kinh', 'Phật', 'Lê Văn C1', 'Kế toán', 'Nguyễn Thị D1', 'Giáo viên', 'quanganh.nguyen@email.com'),
    ('HS0073', 'Nguyễn Trần Đức Anh', b'1', '2002-01-29', 'Thái Bình', 'Kinh', 'Không', 'Trần Văn E1', 'Bác sĩ', 'Nguyễn Thị F1', 'Cán bộ', 'ducanh.nguyentran@email.com'),
    ('HS0074', 'Nguyễn Tuấn Anh', b'1', '2002-01-17', 'Hà Nội', 'Kinh', 'Không', 'Phạm Văn G1', 'Công nhân', 'Trần Thị H1', 'Nhân viên', 'tuananh.nguyen2@email.com'),
    ('HS0075', 'Trần Đức Anh', b'1', '2002-01-11', 'Hà Nội', 'Kinh', 'Phật', 'Hoàng Văn I1', 'Kế toán', 'Nguyễn Thị K1', 'Giáo viên', 'ducanh.tran@email.com'),
    ('HS0076', 'Nguyễn Duy Bách', b'1', '2002-05-09', 'Hà Nội', 'Kinh', 'Không', 'Lê Văn L1', 'Bác sĩ', 'Trần Thị M1', 'Cán bộ', 'duybach.nguyen@email.com'),
    ('HS0077', 'Đào Bá Chiến', b'1', '2002-11-30', 'Thái Nguyên', 'Kinh', 'Không', 'Phạm Văn N1', 'Công nhân', 'Nguyễn Thị O1', 'Nhân viên', 'bachien.dao@email.com'),
    ('HS0078', 'Lê Văn Chiến', b'1', '2002-11-11', 'Nghệ An', 'Kinh', 'Phật', 'Trần Văn P1', 'Kế toán', 'Lê Thị Q1', 'Giáo viên', 'vanchien.le@email.com'),
    ('HS0079', 'Lê Văn Chiến', b'1', '2002-01-30', 'Hà Nam', 'Kinh', 'Không', 'Hoàng Văn R1', 'Bác sĩ', 'Trần Thị S1', 'Cán bộ', 'vanchien.le2@email.com'),
    ('HS0080', 'Phạm Khả Chiến', b'1', '2002-04-29', 'Nam Định', 'Kinh', 'Không', 'Lê Văn T1', 'Công nhân', 'Nguyễn Thị U1', 'Nhân viên', 'khachien.pham@email.com'),
    ('HS0081', 'Nguyễn Đức Duy', b'1', '2002-06-26', 'TP Hồ Chí Minh', 'Kinh', 'Phật', 'Trần Văn V1', 'Kế toán', 'Lê Thị X1', 'Giáo viên', 'ducduy.nguyen@email.com'),
    ('HS0082', 'Ngô Mạnh Đạt', b'1', '2002-01-11', 'Bắc Ninh', 'Kinh', 'Không', 'Phạm Văn Y1', 'Bác sĩ', 'Nguyễn Thị Z1', 'Cán bộ', 'manhdat.ngo@email.com'),
    ('HS0083', 'Vũ Văn Đạt', b'1', '2002-02-06', 'Thanh Hoá', 'Kinh', 'Không', 'Lê Văn AA1', 'Công nhân', 'Trần Thị BB1', 'Nhân viên', 'vandat.vu@email.com'),
    ('HS0084', 'Chu Văn Đức', b'1', '2002-08-12', 'Hưng Yên', 'Kinh', 'Phật', 'Hoàng Văn CC1', 'Kế toán', 'Nguyễn Thị DD1', 'Giáo viên', 'vanduc.chu@email.com'),
    ('HS0085', 'Đoàn Việt Hà', b'1', '2002-07-15', 'Bắc Giang', 'Kinh', 'Không', 'Trần Văn EE1', 'Bác sĩ', 'Lê Thị FF1', 'Cán bộ', 'vietha.doan@email.com'),
    ('HS0086', 'Lê Đức Hải', b'1', '2002-08-21', 'Vĩnh Phúc', 'Kinh', 'Công Giáo', 'Phạm Văn GG1', 'Công nhân', 'Trần Thị HH1', 'Nhân viên', 'duchai.le@email.com'),
    ('HS0087', 'Đào Minh Hiệp', b'1', '2002-12-11', 'Nghệ An', 'Kinh', 'Không', 'Lê Văn II1', 'Kế toán', 'Nguyễn Thị KK1', 'Giáo viên', 'minhhiep.dao@email.com'),
    ('HS0088', 'Đặng Trần Hiệp', b'1', '2002-11-09', 'Nam Định', 'Kinh', 'Phật', 'Hoàng Văn LL1', 'Bác sĩ', 'Trần Thị MM1', 'Cán bộ', 'tranhiep.dang@email.com'),
    ('HS0089', 'Nguyễn Văn Hiếu', b'1', '2002-06-12', 'Bắc Giang', 'Kinh', 'Không', 'Phạm Văn NN1', 'Công nhân', 'Lê Thị OO1', 'Nhân viên', 'vanhieu.nguyen1@email.com'),
    ('HS0090', 'Nguyễn Hoàng', b'1', '2002-01-19', 'Hà Nội', 'Kinh', 'Công Giáo', 'Trần Văn PP1', 'Kế toán', 'Nguyễn Thị QQ1', 'Giáo viên', 'hoang.nguyen1@email.com');

# bang ket qua
insert into ketqua
(MaKetQua, TenKetQua)
values
    ('KQ0001','Lên lớp'),
    ('KQ0002','Thi lại'),
    ('KQ0003','Rèn luyện hè'),
    ('KQ0004','Ở lại');

# bang ket qua hoc sinh ca nam
#ket qua hoc sinh ca nam lop 10A1
INSERT INTO kq_hocsinh_canam
(MaHocSinh, MaLop, MaNamHoc, MaHocLuc, MaHanhKiem, MaKetQua, DiemTBHK1, DiemTBHK2, DiemTBCN)
VALUES
    ('HS0001', 'L10A1', 'NH2122', 'HL0001', 'HK0001', 'KQ0001', 8.5, 7.8, 8.15),
    ('HS0002', 'L10A1', 'NH2122', 'HL0002', 'HK0001', 'KQ0002', 7.0, 6.5, 6.75),
    ('HS0003', 'L10A1', 'NH2122', 'HL0003', 'HK0001', 'KQ0003', 6.0, 6.2, 6.1),
    ('HS0004', 'L10A1', 'NH2122', 'HL0001', 'HK0001', 'KQ0001', 9.0, 9.2, 9.1),
    ('HS0005', 'L10A1', 'NH2122', 'HL0002', 'HK0001', 'KQ0002', 7.5, 7.2, 7.35),
    ('HS0006', 'L10A1', 'NH2122', 'HL0003', 'HK0001', 'KQ0003', 5.8, 6.0, 5.9),
    ('HS0007', 'L10A1', 'NH2122', 'HL0002', 'HK0001', 'KQ0001', 8.0, 8.5, 8.25),
    ('HS0008', 'L10A1', 'NH2122', 'HL0003', 'HK0001', 'KQ0002', 6.8, 6.5, 6.65),
    ('HS0009', 'L10A1', 'NH2122', 'HL0001', 'HK0001', 'KQ0003', 9.5, 9.7, 9.6),
    ('HS0010', 'L10A1', 'NH2122', 'HL0002', 'HK0001', 'KQ0002', 7.0, 7.3, 7.15);
# ket qua hoc sinh ca nam lop 10A2
insert into kq_hocsinh_canam
(MaHocSinh, MaLop, MaNamHoc, MaHocLuc, MaHanhKiem, MaKetQua, DiemTBHK1, DiemTBHK2, DiemTBCN)
values
    ('HS0011', 'L10A2', 'NH2122', 'HL0003', 'HK0001', 'KQ0001', 5.5, 5.7, 5.6),
    ('HS0012', 'L10A2', 'NH2122', 'HL0001', 'HK0001', 'KQ0002', 8.8, 8.9, 8.85),
    ('HS0013', 'L10A2', 'NH2122', 'HL0002', 'HK0001', 'KQ0003', 6.5, 6.8, 6.65),
    ('HS0014', 'L10A2', 'NH2122', 'HL0003', 'HK0001', 'KQ0001', 5.0, 5.2, 5.1),
    ('HS0015', 'L10A2', 'NH2122', 'HL0001', 'HK0001', 'KQ0002', 9.0, 8.8, 8.9),
    ('HS0016', 'L10A2', 'NH2122', 'HL0002', 'HK0001', 'KQ0003', 6.0, 6.3, 6.15),
    ('HS0017', 'L10A2', 'NH2122', 'HL0003', 'HK0001', 'KQ0001', 4.5, 4.7, 4.6),
    ('HS0018', 'L10A2', 'NH2122', 'HL0001', 'HK0001', 'KQ0002', 8.0, 8.3, 8.15),
    ('HS0019', 'L10A2', 'NH2122', 'HL0002', 'HK0001', 'KQ0003', 7.0, 6.9, 6.95),
    ('HS0020', 'L10A2', 'NH2122', 'HL0003', 'HK0001', 'KQ0001', 6.0, 6.2, 6.1);
# kq hoc sinh lop 10A3
insert into kq_hocsinh_canam
(MaHocSinh, MaLop, MaNamHoc, MaHocLuc, MaHanhKiem, MaKetQua, DiemTBHK1, DiemTBHK2, DiemTBCN)
values
    ('HS0021', 'L10A3', 'NH2122', 'HL0001', 'HK0001', 'KQ0002', 9.2, 9.1, 9.15),
    ('HS0022', 'L10A3', 'NH2122', 'HL0002', 'HK0001', 'KQ0003', 7.5, 7.6, 7.55),
    ('HS0023', 'L10A3', 'NH2122', 'HL0003', 'HK0001', 'KQ0001', 5.8, 5.9, 5.85),
    ('HS0024', 'L10A3', 'NH2122', 'HL0001', 'HK0001', 'KQ0002', 8.3, 8.5, 8.4),
    ('HS0025', 'L10A3', 'NH2122', 'HL0002', 'HK0001', 'KQ0003', 7.2, 7.0, 7.1),
    ('HS0026', 'L10A3', 'NH2122', 'HL0003', 'HK0001', 'KQ0001', 6.3, 6.5, 6.4),
    ('HS0027', 'L10A3', 'NH2122', 'HL0001', 'HK0001', 'KQ0002', 9.0, 9.3, 9.15),
    ('HS0028', 'L10A3', 'NH2122', 'HL0002', 'HK0001', 'KQ0003', 6.7, 6.9, 6.8),
    ('HS0029', 'L10A3', 'NH2122', 'HL0003', 'HK0001', 'KQ0001', 5.2, 5.3, 5.25),
    ('HS0030', 'L10A3', 'NH2122', 'HL0001', 'HK0001', 'KQ0002', 8.0, 8.2, 8.1);
# kq hoc sinh ca nam lop 11A1
insert into kq_hocsinh_canam
(MaHocSinh, MaLop, MaNamHoc, MaHocLuc, MaHanhKiem, MaKetQua, DiemTBHK1, DiemTBHK2, DiemTBCN)
values
    ('HS0031', 'L11A1', 'NH2122', 'HL0002', 'HK0001', 'KQ0003', 7.8, 7.5, 7.65),
    ('HS0032', 'L11A1', 'NH2122', 'HL0003', 'HK0001', 'KQ0001', 6.9, 6.8, 6.85),
    ('HS0033', 'L11A1', 'NH2122', 'HL0001', 'HK0001', 'KQ0002', 9.1, 9.2, 9.15),
    ('HS0034', 'L11A1', 'NH2122', 'HL0002', 'HK0001', 'KQ0003', 7.3, 7.4, 7.35),
    ('HS0035', 'L11A1', 'NH2122', 'HL0003', 'HK0001', 'KQ0001', 5.0, 5.2, 5.1),
    ('HS0036', 'L11A1', 'NH2122', 'HL0003', 'HK0001', 'KQ0001', 5.0, 5.2, 5.1),
    ('HS0037', 'L11A1', 'NH2122', 'HL0003', 'HK0001', 'KQ0001', 5.0, 5.2, 5.1),
    ('HS0038', 'L11A1', 'NH2122', 'HL0003', 'HK0001', 'KQ0001', 5.0, 5.2, 5.1),
    ('HS0039', 'L11A1', 'NH2122', 'HL0003', 'HK0001', 'KQ0001', 5.0, 5.2, 5.1),
    ('HS0040', 'L11A1', 'NH2122', 'HL0003', 'HK0001', 'KQ0001', 5.0, 5.2, 5.1);
# kq hoc sinh ca nam lop 11A2, 11A3, 12A1, 12A2, 12A3
insert into kq_hocsinh_canam  (MaHocSinh, MaLop, MaNamHoc, MaHocLuc, MaHanhKiem, MaKetQua, DiemTBHK1, DiemTBHK2, DiemTBCN)
values
    ('HS0041', 'L11A2', 'NH2122', 'HL0003', 'HK0001', 'KQ0001', 5.5, 5.7, 5.6),
    ('HS0042', 'L11A2', 'NH2122', 'HL0001', 'HK0001', 'KQ0002', 8.8, 8.9, 8.85),
    ('HS0043', 'L11A2', 'NH2122', 'HL0002', 'HK0001', 'KQ0003', 6.5, 6.8, 6.65),
    ('HS0044', 'L11A2', 'NH2122', 'HL0003', 'HK0001', 'KQ0001', 5.0, 5.2, 5.1),
    ('HS0045', 'L11A2', 'NH2122', 'HL0001', 'HK0001', 'KQ0002', 9.0, 8.8, 8.9),
    ('HS0046', 'L11A2', 'NH2122', 'HL0002', 'HK0001', 'KQ0003', 6.0, 6.3, 6.15),
    ('HS0047', 'L11A2', 'NH2122', 'HL0003', 'HK0001', 'KQ0001', 4.5, 4.7, 4.6),
    ('HS0048', 'L11A2', 'NH2122', 'HL0001', 'HK0001', 'KQ0002', 8.0, 8.3, 8.15),
    ('HS0049', 'L11A2', 'NH2122', 'HL0002', 'HK0001', 'KQ0003', 7.0, 6.9, 6.95),
    ('HS0050', 'L11A2', 'NH2122', 'HL0003', 'HK0001', 'KQ0001', 6.0, 6.2, 6.1),

    ('HS0051', 'L11A3', 'NH2122', 'HL0003', 'HK0001', 'KQ0001', 5.5, 5.7, 5.6),
    ('HS0052', 'L11A3', 'NH2122', 'HL0001', 'HK0001', 'KQ0002', 8.8, 8.9, 8.85),
    ('HS0053', 'L11A3', 'NH2122', 'HL0002', 'HK0001', 'KQ0003', 6.5, 6.8, 6.65),
    ('HS0054', 'L11A3', 'NH2122', 'HL0003', 'HK0001', 'KQ0001', 5.0, 5.2, 5.1),
    ('HS0055', 'L11A3', 'NH2122', 'HL0001', 'HK0001', 'KQ0002', 9.0, 8.8, 8.9),
    ('HS0056', 'L11A3', 'NH2122', 'HL0002', 'HK0001', 'KQ0003', 6.0, 6.3, 6.15),
    ('HS0057', 'L11A3', 'NH2122', 'HL0003', 'HK0001', 'KQ0001', 4.5, 4.7, 4.6),
    ('HS0058', 'L11A3', 'NH2122', 'HL0001', 'HK0001', 'KQ0002', 8.0, 8.3, 8.15),
    ('HS0059', 'L11A3', 'NH2122', 'HL0002', 'HK0001', 'KQ0003', 7.0, 6.9, 6.95),
    ('HS0060', 'L11A3', 'NH2122', 'HL0003', 'HK0001', 'KQ0001', 6.0, 6.2, 6.1),

    ('HS0061', 'L12A1', 'NH2122', 'HL0003', 'HK0001', 'KQ0001', 5.5, 5.7, 5.6),
    ('HS0062', 'L12A1', 'NH2122', 'HL0001', 'HK0001', 'KQ0002', 8.8, 8.9, 8.85),
    ('HS0063', 'L12A1', 'NH2122', 'HL0002', 'HK0001', 'KQ0003', 6.5, 6.8, 6.65),
    ('HS0064', 'L12A1', 'NH2122', 'HL0003', 'HK0001', 'KQ0001', 5.0, 5.2, 5.1),
    ('HS0065', 'L12A1', 'NH2122', 'HL0001', 'HK0001', 'KQ0002', 9.0, 8.8, 8.9),
    ('HS0066', 'L12A1', 'NH2122', 'HL0002', 'HK0001', 'KQ0003', 6.0, 6.3, 6.15),
    ('HS0067', 'L12A1', 'NH2122', 'HL0003', 'HK0001', 'KQ0001', 4.5, 4.7, 4.6),
    ('HS0068', 'L12A1', 'NH2122', 'HL0001', 'HK0001', 'KQ0002', 8.0, 8.3, 8.15),
    ('HS0069', 'L12A1', 'NH2122', 'HL0002', 'HK0001', 'KQ0003', 7.0, 6.9, 6.95),
    ('HS0070', 'L12A1', 'NH2122', 'HL0003', 'HK0001', 'KQ0001', 6.0, 6.2, 6.1),

    ('HS0071', 'L12A2', 'NH2122', 'HL0003', 'HK0001', 'KQ0001', 5.5, 5.7, 5.6),
    ('HS0072', 'L12A2', 'NH2122', 'HL0001', 'HK0001', 'KQ0002', 8.8, 8.9, 8.85),
    ('HS0073', 'L12A2', 'NH2122', 'HL0002', 'HK0001', 'KQ0003', 6.5, 6.8, 6.65),
    ('HS0074', 'L12A2', 'NH2122', 'HL0003', 'HK0001', 'KQ0001', 5.0, 5.2, 5.1),
    ('HS0075', 'L12A2', 'NH2122', 'HL0001', 'HK0001', 'KQ0002', 9.0, 8.8, 8.9),
    ('HS0076', 'L12A2', 'NH2122', 'HL0002', 'HK0001', 'KQ0003', 6.0, 6.3, 6.15),
    ('HS0077', 'L12A2', 'NH2122', 'HL0003', 'HK0001', 'KQ0001', 4.5, 4.7, 4.6),
    ('HS0078', 'L12A2', 'NH2122', 'HL0001', 'HK0001', 'KQ0002', 8.0, 8.3, 8.15),
    ('HS0079', 'L12A2', 'NH2122', 'HL0002', 'HK0001', 'KQ0003', 7.0, 6.9, 6.95),
    ('HS0080', 'L12A2', 'NH2122', 'HL0003', 'HK0001', 'KQ0001', 6.0, 6.2, 6.1),

    ('HS0081', 'L12A3', 'NH2122', 'HL0003', 'HK0001', 'KQ0001', 5.5, 5.7, 5.6),
    ('HS0082', 'L12A3', 'NH2122', 'HL0001', 'HK0001', 'KQ0002', 8.8, 8.9, 8.85),
    ('HS0083', 'L12A3', 'NH2122', 'HL0002', 'HK0001', 'KQ0003', 6.5, 6.8, 6.65),
    ('HS0084', 'L12A3', 'NH2122', 'HL0003', 'HK0001', 'KQ0001', 5.0, 5.2, 5.1),
    ('HS0085', 'L12A3', 'NH2122', 'HL0001', 'HK0001', 'KQ0002', 9.0, 8.8, 8.9),
    ('HS0086', 'L12A3', 'NH2122', 'HL0002', 'HK0001', 'KQ0003', 6.0, 6.3, 6.15),
    ('HS0087', 'L12A3', 'NH2122', 'HL0003', 'HK0001', 'KQ0001', 4.5, 4.7, 4.6),
    ('HS0088', 'L12A3', 'NH2122', 'HL0001', 'HK0001', 'KQ0002', 8.0, 8.3, 8.15),
    ('HS0089', 'L12A3', 'NH2122', 'HL0002', 'HK0001', 'KQ0003', 7.0, 6.9, 6.95),
    ('HS0090', 'L12A3', 'NH2122', 'HL0003', 'HK0001', 'KQ0001', 6.0, 6.2, 6.1);

# bang ket qua hoc sinh tren tung mon hoc
insert into kq_hocsinh_monhoc
(MaHocSinh, MaLop, MaNamHoc, MaMonHoc, MaHocKy, DiemMiengTB, Diem15PhutTB, Diem45PhutTB, DiemThi, DiemTBHK)
values
    ('HS0001', 'L10A1', 'NH2122', 'MH0001', 'HK1', 8.2, 7.5, 8.0, 9.0, 8.1),
    ('HS0001', 'L10A1', 'NH2122', 'MH0002', 'HK1', 7.8, 6.5, 8.2, 7.9, 7.6),
    ('HS0001', 'L10A1', 'NH2122', 'MH0003', 'HK1', 9.0, 8.5, 9.2, 8.8, 8.9),
    ('HS0001', 'L10A1', 'NH2122', 'MH0004', 'HK1', 6.7, 7.0, 7.5, 6.9, 7.3),
    ('HS0001', 'L10A1', 'NH2122', 'MH0005', 'HK1', 7.5, 8.0, 7.8, 8.1, 7.9),
    ('HS0001', 'L10A1', 'NH2122', 'MH0006', 'HK1', 8.3, 7.9, 8.4, 8.7, 8.5),
    ('HS0001', 'L10A1', 'NH2122', 'MH0007', 'HK1', 7.0, 7.5, 7.3, 7.6, 7.4),
    ('HS0001', 'L10A1', 'NH2122', 'MH0008', 'HK1', 6.5, 6.7, 6.9, 7.2, 6.8),
    ('HS0001', 'L10A1', 'NH2122', 'MH0009', 'HK1', 9.0, 8.8, 9.1, 9.2, 9.0),

    ('HS0002', 'L10A1', 'NH2122', 'MH0001', 'HK1', 7.2, 6.9, 7.5, 7.8, 7.4),
    ('HS0002', 'L10A1', 'NH2122', 'MH0002', 'HK1', 8.1, 7.4, 8.0, 8.2, 7.9),
    ('HS0002', 'L10A1', 'NH2122', 'MH0003', 'HK1', 6.8, 7.0, 7.3, 7.5, 7.2),
    ('HS0002', 'L10A1', 'NH2122', 'MH0004', 'HK1', 7.5, 7.2, 7.8, 8.0, 7.6),
    ('HS0002', 'L10A1', 'NH2122', 'MH0005', 'HK1', 8.3, 8.0, 8.5, 8.6, 8.4),
    ('HS0002', 'L10A1', 'NH2122', 'MH0006', 'HK1', 7.9, 7.6, 8.2, 8.4, 8.0),
    ('HS0002', 'L10A1', 'NH2122', 'MH0007', 'HK1', 7.0, 6.8, 7.3, 7.4, 7.1),
    ('HS0002', 'L10A1', 'NH2122', 'MH0008', 'HK1', 6.7, 6.5, 6.9, 7.0, 6.8),
    ('HS0002', 'L10A1', 'NH2122', 'MH0009', 'HK1', 8.9, 8.7, 9.0, 9.1, 8.9),

    ('HS0003', 'L10A1', 'NH2122', 'MH0001', 'HK1', 8.0, 7.5, 7.8, 8.2, 7.9),
    ('HS0003', 'L10A1', 'NH2122', 'MH0002', 'HK1', 7.4, 7.2, 7.5, 7.7, 7.5),
    ('HS0003', 'L10A1', 'NH2122', 'MH0003', 'HK1', 8.5, 8.0, 8.3, 8.7, 8.4),
    ('HS0003', 'L10A1', 'NH2122', 'MH0004', 'HK1', 7.3, 7.1, 7.5, 7.6, 7.4),
    ('HS0003', 'L10A1', 'NH2122', 'MH0005', 'HK1', 8.2, 7.8, 8.0, 8.4, 8.1),
    ('HS0003', 'L10A1', 'NH2122', 'MH0006', 'HK1', 7.9, 7.5, 7.8, 8.0, 7.8),
    ('HS0003', 'L10A1', 'NH2122', 'MH0007', 'HK1', 7.2, 7.3, 7.4, 7.5, 7.3),
    ('HS0003', 'L10A1', 'NH2122', 'MH0008', 'HK1', 6.9, 7.0, 7.1, 7.2, 7.1),
    ('HS0003', 'L10A1', 'NH2122', 'MH0009', 'HK1', 9.0, 8.7, 8.9, 9.1, 8.9),

    ('HS0004', 'L10A1', 'NH2122', 'MH0001', 'HK1', 8.1, 7.8, 7.9, 8.4, 8.1),
    ('HS0004', 'L10A1', 'NH2122', 'MH0002', 'HK1', 7.6, 7.5, 7.8, 7.9, 7.7),
    ('HS0004', 'L10A1', 'NH2122', 'MH0003', 'HK1', 8.6, 8.4, 8.7, 8.8, 8.6),
    ('HS0004', 'L10A1', 'NH2122', 'MH0004', 'HK1', 7.4, 7.3, 7.6, 7.8, 7.5),
    ('HS0004', 'L10A1', 'NH2122', 'MH0005', 'HK1', 8.4, 8.2, 8.5, 8.6, 8.4),
    ('HS0004', 'L10A1', 'NH2122', 'MH0006', 'HK1', 8.0, 7.8, 8.1, 8.3, 8.1),
    ('HS0004', 'L10A1', 'NH2122', 'MH0007', 'HK1', 7.5, 7.4, 7.6, 7.8, 7.6),
    ('HS0004', 'L10A1', 'NH2122', 'MH0008', 'HK1', 7.1, 7.0, 7.2, 7.3, 7.2),
    ('HS0004', 'L10A1', 'NH2122', 'MH0009', 'HK1', 9.2, 9.0, 9.3, 9.4, 9.2),

    ('HS0005', 'L10A1', 'NH2122', 'MH0001', 'HK1', 8.3, 7.9, 8.2, 8.5, 8.2),
    ('HS0005', 'L10A1', 'NH2122', 'MH0002', 'HK1', 7.5, 7.4, 7.6, 7.8, 7.6),
    ('HS0005', 'L10A1', 'NH2122', 'MH0003', 'HK1', 8.7, 8.3, 8.6, 8.9, 8.6),
    ('HS0005', 'L10A1', 'NH2122', 'MH0004', 'HK1', 7.8, 7.5, 7.9, 8.0, 7.8),
    ('HS0005', 'L10A1', 'NH2122', 'MH0005', 'HK1', 8.6, 8.4, 8.5, 8.7, 8.5),
    ('HS0005', 'L10A1', 'NH2122', 'MH0006', 'HK1', 8.1, 7.9, 8.2, 8.4, 8.2),
    ('HS0005', 'L10A1', 'NH2122', 'MH0007', 'HK1', 7.7, 7.5, 7.6, 7.8, 7.7),
    ('HS0005', 'L10A1', 'NH2122', 'MH0008', 'HK1', 7.3, 7.2, 7.4, 7.5, 7.4),
    ('HS0005', 'L10A1', 'NH2122', 'MH0009', 'HK1', 9.3, 9.1, 9.2, 9.4, 9.2),

    ('HS0006', 'L10A1', 'NH2122', 'MH0001', 'HK1', 8.4, 8.0, 8.3, 8.6, 8.4),
    ('HS0006', 'L10A1', 'NH2122', 'MH0002', 'HK1', 7.6, 7.3, 7.5, 7.7, 7.5),
    ('HS0006', 'L10A1', 'NH2122', 'MH0003', 'HK1', 8.8, 8.5, 8.7, 8.9, 8.7),
    ('HS0006', 'L10A1', 'NH2122', 'MH0004', 'HK1', 7.9, 7.6, 7.8, 8.0, 7.8),
    ('HS0006', 'L10A1', 'NH2122', 'MH0005', 'HK1', 8.5, 8.2, 8.4, 8.6, 8.4),
    ('HS0006', 'L10A1', 'NH2122', 'MH0006', 'HK1', 8.2, 8.0, 8.1, 8.3, 8.2),
    ('HS0006', 'L10A1', 'NH2122', 'MH0007', 'HK1', 7.8, 7.5, 7.6, 7.8, 7.7),
    ('HS0006', 'L10A1', 'NH2122', 'MH0008', 'HK1', 7.4, 7.3, 7.4, 7.6, 7.5),
    ('HS0006', 'L10A1', 'NH2122', 'MH0009', 'HK1', 9.4, 9.2, 9.3, 9.5, 9.3),

    ('HS0007', 'L10A1', 'NH2122', 'MH0001', 'HK1', 8.4, 8.0, 8.3, 8.6, 8.4),
    ('HS0007', 'L10A1', 'NH2122', 'MH0002', 'HK1', 7.6, 7.3, 7.5, 7.7, 7.5),
    ('HS0007', 'L10A1', 'NH2122', 'MH0003', 'HK1', 8.8, 8.5, 8.7, 8.9, 8.7),
    ('HS0007', 'L10A1', 'NH2122', 'MH0004', 'HK1', 7.9, 7.6, 7.8, 8.0, 7.8),
    ('HS0007', 'L10A1', 'NH2122', 'MH0005', 'HK1', 8.5, 8.2, 8.4, 8.6, 8.4),
    ('HS0007', 'L10A1', 'NH2122', 'MH0006', 'HK1', 8.2, 8.0, 8.1, 8.3, 8.2),
    ('HS0007', 'L10A1', 'NH2122', 'MH0007', 'HK1', 7.8, 7.5, 7.6, 7.8, 7.7),
    ('HS0007', 'L10A1', 'NH2122', 'MH0008', 'HK1', 7.4, 7.3, 7.4, 7.6, 7.5),
    ('HS0007', 'L10A1', 'NH2122', 'MH0009', 'HK1', 9.4, 9.2, 9.3, 9.5, 9.3),

    ('HS0008', 'L10A1', 'NH2122', 'MH0001', 'HK1', 8.4, 8.0, 8.3, 8.6, 8.4),
    ('HS0008', 'L10A1', 'NH2122', 'MH0002', 'HK1', 7.6, 7.3, 7.5, 7.7, 7.5),
    ('HS0008', 'L10A1', 'NH2122', 'MH0003', 'HK1', 8.8, 8.5, 8.7, 8.9, 8.7),
    ('HS0008', 'L10A1', 'NH2122', 'MH0004', 'HK1', 7.9, 7.6, 7.8, 8.0, 7.8),
    ('HS0008', 'L10A1', 'NH2122', 'MH0005', 'HK1', 8.5, 8.2, 8.4, 8.6, 8.4),
    ('HS0008', 'L10A1', 'NH2122', 'MH0006', 'HK1', 8.2, 8.0, 8.1, 8.3, 8.2),
    ('HS0008', 'L10A1', 'NH2122', 'MH0007', 'HK1', 7.8, 7.5, 7.6, 7.8, 7.7),
    ('HS0008', 'L10A1', 'NH2122', 'MH0008', 'HK1', 7.4, 7.3, 7.4, 7.6, 7.5),
    ('HS0008', 'L10A1', 'NH2122', 'MH0009', 'HK1', 9.4, 9.2, 9.3, 9.5, 9.3),

    ('HS0009', 'L10A1', 'NH2122', 'MH0001', 'HK1', 8.4, 8.0, 8.3, 8.6, 8.4),
    ('HS0009', 'L10A1', 'NH2122', 'MH0002', 'HK1', 7.6, 7.3, 7.5, 7.7, 7.5),
    ('HS0009', 'L10A1', 'NH2122', 'MH0003', 'HK1', 8.8, 8.5, 8.7, 8.9, 8.7),
    ('HS0009', 'L10A1', 'NH2122', 'MH0004', 'HK1', 7.9, 7.6, 7.8, 8.0, 7.8),
    ('HS0009', 'L10A1', 'NH2122', 'MH0005', 'HK1', 8.5, 8.2, 8.4, 8.6, 8.4),
    ('HS0009', 'L10A1', 'NH2122', 'MH0006', 'HK1', 8.2, 8.0, 8.1, 8.3, 8.2),
    ('HS0009', 'L10A1', 'NH2122', 'MH0007', 'HK1', 7.8, 7.5, 7.6, 7.8, 7.7),
    ('HS0009', 'L10A1', 'NH2122', 'MH0008', 'HK1', 7.4, 7.3, 7.4, 7.6, 7.5),
    ('HS0009', 'L10A1', 'NH2122', 'MH0009', 'HK1', 9.4, 9.2, 9.3, 9.5, 9.3),

    ('HS0010', 'L10A1', 'NH2122', 'MH0001', 'HK1', 8.4, 8.0, 8.3, 8.6, 8.4),
    ('HS0010', 'L10A1', 'NH2122', 'MH0002', 'HK1', 7.6, 7.3, 7.5, 7.7, 7.5),
    ('HS0010', 'L10A1', 'NH2122', 'MH0003', 'HK1', 8.8, 8.5, 8.7, 8.9, 8.7),
    ('HS0010', 'L10A1', 'NH2122', 'MH0004', 'HK1', 7.9, 7.6, 7.8, 8.0, 7.8),
    ('HS0010', 'L10A1', 'NH2122', 'MH0005', 'HK1', 8.5, 8.2, 8.4, 8.6, 8.4),
    ('HS0010', 'L10A1', 'NH2122', 'MH0006', 'HK1', 8.2, 8.0, 8.1, 8.3, 8.2),
    ('HS0010', 'L10A1', 'NH2122', 'MH0007', 'HK1', 7.8, 7.5, 7.6, 7.8, 7.7),
    ('HS0010', 'L10A1', 'NH2122', 'MH0008', 'HK1', 7.4, 7.3, 7.4, 7.6, 7.5),
    ('HS0010', 'L10A1', 'NH2122', 'MH0009', 'HK1', 9.4, 9.2, 9.3, 9.5, 9.3),

    ('HS0011', 'L10A2', 'NH2122', 'MH0001', 'HK1', 8.4, 8.0, 8.3, 8.6, 8.4),
    ('HS0011', 'L10A2', 'NH2122', 'MH0002', 'HK1', 7.6, 7.3, 7.5, 7.7, 7.5),
    ('HS0011', 'L10A2', 'NH2122', 'MH0003', 'HK1', 8.8, 8.5, 8.7, 8.9, 8.7),
    ('HS0011', 'L10A2', 'NH2122', 'MH0004', 'HK1', 7.9, 7.6, 7.8, 8.0, 7.8),
    ('HS0011', 'L10A2', 'NH2122', 'MH0005', 'HK1', 8.5, 8.2, 8.4, 8.6, 8.4),
    ('HS0011', 'L10A2', 'NH2122', 'MH0006', 'HK1', 8.2, 8.0, 8.1, 8.3, 8.2),
    ('HS0011', 'L10A2', 'NH2122', 'MH0007', 'HK1', 7.8, 7.5, 7.6, 7.8, 7.7),
    ('HS0011', 'L10A2', 'NH2122', 'MH0008', 'HK1', 7.4, 7.3, 7.4, 7.6, 7.5),
    ('HS0011', 'L10A2', 'NH2122', 'MH0009', 'HK1', 9.4, 9.2, 9.3, 9.5, 9.3),

    ('HS0012', 'L10A2', 'NH2122', 'MH0001', 'HK1', 8.4, 8.0, 8.3, 8.6, 8.4),
    ('HS0012', 'L10A2', 'NH2122', 'MH0002', 'HK1', 7.6, 7.3, 7.5, 7.7, 7.5),
    ('HS0012', 'L10A2', 'NH2122', 'MH0003', 'HK1', 8.8, 8.5, 8.7, 8.9, 8.7),
    ('HS0012', 'L10A2', 'NH2122', 'MH0004', 'HK1', 7.9, 7.6, 7.8, 8.0, 7.8),
    ('HS0012', 'L10A2', 'NH2122', 'MH0005', 'HK1', 8.5, 8.2, 8.4, 8.6, 8.4),
    ('HS0012', 'L10A2', 'NH2122', 'MH0006', 'HK1', 8.2, 8.0, 8.1, 8.3, 8.2),
    ('HS0012', 'L10A2', 'NH2122', 'MH0007', 'HK1', 7.8, 7.5, 7.6, 7.8, 7.7),
    ('HS0012', 'L10A2', 'NH2122', 'MH0008', 'HK1', 7.4, 7.3, 7.4, 7.6, 7.5),
    ('HS0012', 'L10A2', 'NH2122', 'MH0009', 'HK1', 9.4, 9.2, 9.3, 9.5, 9.3),

    ('HS0013', 'L10A2', 'NH2122', 'MH0001', 'HK1', 8.4, 8.0, 8.3, 8.6, 8.4),
    ('HS0013', 'L10A2', 'NH2122', 'MH0002', 'HK1', 7.6, 7.3, 7.5, 7.7, 7.5),
    ('HS0013', 'L10A2', 'NH2122', 'MH0003', 'HK1', 8.8, 8.5, 8.7, 8.9, 8.7),
    ('HS0013', 'L10A2', 'NH2122', 'MH0004', 'HK1', 7.9, 7.6, 7.8, 8.0, 7.8),
    ('HS0013', 'L10A2', 'NH2122', 'MH0005', 'HK1', 8.5, 8.2, 8.4, 8.6, 8.4),
    ('HS0013', 'L10A2', 'NH2122', 'MH0006', 'HK1', 8.2, 8.0, 8.1, 8.3, 8.2),
    ('HS0013', 'L10A2', 'NH2122', 'MH0007', 'HK1', 7.8, 7.5, 7.6, 7.8, 7.7),
    ('HS0013', 'L10A2', 'NH2122', 'MH0008', 'HK1', 7.4, 7.3, 7.4, 7.6, 7.5),
    ('HS0013', 'L10A2', 'NH2122', 'MH0009', 'HK1', 9.4, 9.2, 9.3, 9.5, 9.3),

    ('HS0014', 'L10A2', 'NH2122', 'MH0001', 'HK1', 8.4, 8.0, 8.3, 8.6, 8.4),
    ('HS0014', 'L10A2', 'NH2122', 'MH0002', 'HK1', 7.6, 7.3, 7.5, 7.7, 7.5),
    ('HS0014', 'L10A2', 'NH2122', 'MH0003', 'HK1', 8.8, 8.5, 8.7, 8.9, 8.7),
    ('HS0014', 'L10A2', 'NH2122', 'MH0004', 'HK1', 7.9, 7.6, 7.8, 8.0, 7.8),
    ('HS0014', 'L10A2', 'NH2122', 'MH0005', 'HK1', 8.5, 8.2, 8.4, 8.6, 8.4),
    ('HS0014', 'L10A2', 'NH2122', 'MH0006', 'HK1', 8.2, 8.0, 8.1, 8.3, 8.2),
    ('HS0014', 'L10A2', 'NH2122', 'MH0007', 'HK1', 7.8, 7.5, 7.6, 7.8, 7.7),
    ('HS0014', 'L10A2', 'NH2122', 'MH0008', 'HK1', 7.4, 7.3, 7.4, 7.6, 7.5),
    ('HS0014', 'L10A2', 'NH2122', 'MH0009', 'HK1', 9.4, 9.2, 9.3, 9.5, 9.3),

    ('HS0015', 'L10A2', 'NH2122', 'MH0001', 'HK1', 8.4, 8.0, 8.3, 8.6, 8.4),
    ('HS0015', 'L10A2', 'NH2122', 'MH0002', 'HK1', 7.6, 7.3, 7.5, 7.7, 7.5),
    ('HS0015', 'L10A2', 'NH2122', 'MH0003', 'HK1', 8.8, 8.5, 8.7, 8.9, 8.7),
    ('HS0015', 'L10A2', 'NH2122', 'MH0004', 'HK1', 7.9, 7.6, 7.8, 8.0, 7.8),
    ('HS0015', 'L10A2', 'NH2122', 'MH0005', 'HK1', 8.5, 8.2, 8.4, 8.6, 8.4),
    ('HS0015', 'L10A2', 'NH2122', 'MH0006', 'HK1', 8.2, 8.0, 8.1, 8.3, 8.2),
    ('HS0015', 'L10A2', 'NH2122', 'MH0007', 'HK1', 7.8, 7.5, 7.6, 7.8, 7.7),
    ('HS0015', 'L10A2', 'NH2122', 'MH0008', 'HK1', 7.4, 7.3, 7.4, 7.6, 7.5),
    ('HS0015', 'L10A2', 'NH2122', 'MH0009', 'HK1', 9.4, 9.2, 9.3, 9.5, 9.3),

    ('HS0016', 'L10A2', 'NH2122', 'MH0001', 'HK1', 8.4, 8.0, 8.3, 8.6, 8.4),
    ('HS0016', 'L10A2', 'NH2122', 'MH0002', 'HK1', 7.6, 7.3, 7.5, 7.7, 7.5),
    ('HS0016', 'L10A2', 'NH2122', 'MH0003', 'HK1', 8.8, 8.5, 8.7, 8.9, 8.7),
    ('HS0016', 'L10A2', 'NH2122', 'MH0004', 'HK1', 7.9, 7.6, 7.8, 8.0, 7.8),
    ('HS0016', 'L10A2', 'NH2122', 'MH0005', 'HK1', 8.5, 8.2, 8.4, 8.6, 8.4),
    ('HS0016', 'L10A2', 'NH2122', 'MH0006', 'HK1', 8.2, 8.0, 8.1, 8.3, 8.2),
    ('HS0016', 'L10A2', 'NH2122', 'MH0007', 'HK1', 7.8, 7.5, 7.6, 7.8, 7.7),
    ('HS0016', 'L10A2', 'NH2122', 'MH0008', 'HK1', 7.4, 7.3, 7.4, 7.6, 7.5),
    ('HS0016', 'L10A2', 'NH2122', 'MH0009', 'HK1', 9.4, 9.2, 9.3, 9.5, 9.3),

    ('HS0017', 'L10A2', 'NH2122', 'MH0001', 'HK1', 8.4, 8.0, 8.3, 8.6, 8.4),
    ('HS0017', 'L10A2', 'NH2122', 'MH0002', 'HK1', 7.6, 7.3, 7.5, 7.7, 7.5),
    ('HS0017', 'L10A2', 'NH2122', 'MH0003', 'HK1', 8.8, 8.5, 8.7, 8.9, 8.7),
    ('HS0017', 'L10A2', 'NH2122', 'MH0004', 'HK1', 7.9, 7.6, 7.8, 8.0, 7.8),
    ('HS0017', 'L10A2', 'NH2122', 'MH0005', 'HK1', 8.5, 8.2, 8.4, 8.6, 8.4),
    ('HS0017', 'L10A2', 'NH2122', 'MH0006', 'HK1', 8.2, 8.0, 8.1, 8.3, 8.2),
    ('HS0017', 'L10A2', 'NH2122', 'MH0007', 'HK1', 7.8, 7.5, 7.6, 7.8, 7.7),
    ('HS0017', 'L10A2', 'NH2122', 'MH0008', 'HK1', 7.4, 7.3, 7.4, 7.6, 7.5),
    ('HS0017', 'L10A2', 'NH2122', 'MH0009', 'HK1', 9.4, 9.2, 9.3, 9.5, 9.3),

    ('HS0018', 'L10A2', 'NH2122', 'MH0001', 'HK1', 8.4, 8.0, 8.3, 8.6, 8.4),
    ('HS0018', 'L10A2', 'NH2122', 'MH0002', 'HK1', 7.6, 7.3, 7.5, 7.7, 7.5),
    ('HS0018', 'L10A2', 'NH2122', 'MH0003', 'HK1', 8.8, 8.5, 8.7, 8.9, 8.7),
    ('HS0018', 'L10A2', 'NH2122', 'MH0004', 'HK1', 7.9, 7.6, 7.8, 8.0, 7.8),
    ('HS0018', 'L10A2', 'NH2122', 'MH0005', 'HK1', 8.5, 8.2, 8.4, 8.6, 8.4),
    ('HS0018', 'L10A2', 'NH2122', 'MH0006', 'HK1', 8.2, 8.0, 8.1, 8.3, 8.2),
    ('HS0018', 'L10A2', 'NH2122', 'MH0007', 'HK1', 7.8, 7.5, 7.6, 7.8, 7.7),
    ('HS0018', 'L10A2', 'NH2122', 'MH0008', 'HK1', 7.4, 7.3, 7.4, 7.6, 7.5),
    ('HS0018', 'L10A2', 'NH2122', 'MH0009', 'HK1', 9.4, 9.2, 9.3, 9.5, 9.3),

    ('HS0019', 'L10A2', 'NH2122', 'MH0001', 'HK1', 8.4, 8.0, 8.3, 8.6, 8.4),
    ('HS0019', 'L10A2', 'NH2122', 'MH0002', 'HK1', 7.6, 7.3, 7.5, 7.7, 7.5),
    ('HS0019', 'L10A2', 'NH2122', 'MH0003', 'HK1', 8.8, 8.5, 8.7, 8.9, 8.7),
    ('HS0019', 'L10A2', 'NH2122', 'MH0004', 'HK1', 7.9, 7.6, 7.8, 8.0, 7.8),
    ('HS0019', 'L10A2', 'NH2122', 'MH0005', 'HK1', 8.5, 8.2, 8.4, 8.6, 8.4),
    ('HS0019', 'L10A2', 'NH2122', 'MH0006', 'HK1', 8.2, 8.0, 8.1, 8.3, 8.2),
    ('HS0019', 'L10A2', 'NH2122', 'MH0007', 'HK1', 7.8, 7.5, 7.6, 7.8, 7.7),
    ('HS0019', 'L10A2', 'NH2122', 'MH0008', 'HK1', 7.4, 7.3, 7.4, 7.6, 7.5),
    ('HS0019', 'L10A2', 'NH2122', 'MH0009', 'HK1', 9.4, 9.2, 9.3, 9.5, 9.3),

    ('HS0020', 'L10A2', 'NH2122', 'MH0001', 'HK1', 8.4, 8.0, 8.3, 8.6, 8.4),
    ('HS0020', 'L10A2', 'NH2122', 'MH0002', 'HK1', 7.6, 7.3, 7.5, 7.7, 7.5),
    ('HS0020', 'L10A2', 'NH2122', 'MH0003', 'HK1', 8.8, 8.5, 8.7, 8.9, 8.7),
    ('HS0020', 'L10A2', 'NH2122', 'MH0004', 'HK1', 7.9, 7.6, 7.8, 8.0, 7.8),
    ('HS0020', 'L10A2', 'NH2122', 'MH0005', 'HK1', 8.5, 8.2, 8.4, 8.6, 8.4),
    ('HS0020', 'L10A2', 'NH2122', 'MH0006', 'HK1', 8.2, 8.0, 8.1, 8.3, 8.2),
    ('HS0020', 'L10A2', 'NH2122', 'MH0007', 'HK1', 7.8, 7.5, 7.6, 7.8, 7.7),
    ('HS0020', 'L10A2', 'NH2122', 'MH0008', 'HK1', 7.4, 7.3, 7.4, 7.6, 7.5),
    ('HS0020', 'L10A2', 'NH2122', 'MH0009', 'HK1', 9.4, 9.2, 9.3, 9.5, 9.3),

    ('HS0021', 'L10A3', 'NH2122', 'MH0001', 'HK1', 8.4, 8.0, 8.3, 8.6, 8.4),
    ('HS0021', 'L10A3', 'NH2122', 'MH0002', 'HK1', 7.6, 7.3, 7.5, 7.7, 7.5),
    ('HS0021', 'L10A3', 'NH2122', 'MH0003', 'HK1', 8.8, 8.5, 8.7, 8.9, 8.7),
    ('HS0021', 'L10A3', 'NH2122', 'MH0004', 'HK1', 7.9, 7.6, 7.8, 8.0, 7.8),
    ('HS0021', 'L10A3', 'NH2122', 'MH0005', 'HK1', 8.5, 8.2, 8.4, 8.6, 8.4),
    ('HS0021', 'L10A3', 'NH2122', 'MH0006', 'HK1', 8.2, 8.0, 8.1, 8.3, 8.2),
    ('HS0021', 'L10A3', 'NH2122', 'MH0007', 'HK1', 7.8, 7.5, 7.6, 7.8, 7.7),
    ('HS0021', 'L10A3', 'NH2122', 'MH0008', 'HK1', 7.4, 7.3, 7.4, 7.6, 7.5),
    ('HS0021', 'L10A3', 'NH2122', 'MH0009', 'HK1', 9.4, 9.2, 9.3, 9.5, 9.3),

    ('HS0022', 'L10A3', 'NH2122', 'MH0001', 'HK1', 8.4, 8.0, 8.3, 8.6, 8.4),
    ('HS0022', 'L10A3', 'NH2122', 'MH0002', 'HK1', 7.6, 7.3, 7.5, 7.7, 7.5),
    ('HS0022', 'L10A3', 'NH2122', 'MH0003', 'HK1', 8.8, 8.5, 8.7, 8.9, 8.7),
    ('HS0022', 'L10A3', 'NH2122', 'MH0004', 'HK1', 7.9, 7.6, 7.8, 8.0, 7.8),
    ('HS0022', 'L10A3', 'NH2122', 'MH0005', 'HK1', 8.5, 8.2, 8.4, 8.6, 8.4),
    ('HS0022', 'L10A3', 'NH2122', 'MH0006', 'HK1', 8.2, 8.0, 8.1, 8.3, 8.2),
    ('HS0022', 'L10A3', 'NH2122', 'MH0007', 'HK1', 7.8, 7.5, 7.6, 7.8, 7.7),
    ('HS0022', 'L10A3', 'NH2122', 'MH0008', 'HK1', 7.4, 7.3, 7.4, 7.6, 7.5),
    ('HS0022', 'L10A3', 'NH2122', 'MH0009', 'HK1', 9.4, 9.2, 9.3, 9.5, 9.3),

    ('HS0023', 'L10A3', 'NH2122', 'MH0001', 'HK1', 8.4, 8.0, 8.3, 8.6, 8.4),
    ('HS0023', 'L10A3', 'NH2122', 'MH0002', 'HK1', 7.6, 7.3, 7.5, 7.7, 7.5),
    ('HS0023', 'L10A3', 'NH2122', 'MH0003', 'HK1', 8.8, 8.5, 8.7, 8.9, 8.7),
    ('HS0023', 'L10A3', 'NH2122', 'MH0004', 'HK1', 7.9, 7.6, 7.8, 8.0, 7.8),
    ('HS0023', 'L10A3', 'NH2122', 'MH0005', 'HK1', 8.5, 8.2, 8.4, 8.6, 8.4),
    ('HS0023', 'L10A3', 'NH2122', 'MH0006', 'HK1', 8.2, 8.0, 8.1, 8.3, 8.2),
    ('HS0023', 'L10A3', 'NH2122', 'MH0007', 'HK1', 7.8, 7.5, 7.6, 7.8, 7.7),
    ('HS0023', 'L10A3', 'NH2122', 'MH0008', 'HK1', 7.4, 7.3, 7.4, 7.6, 7.5),
    ('HS0023', 'L10A3', 'NH2122', 'MH0009', 'HK1', 9.4, 9.2, 9.3, 9.5, 9.3),

    ('HS0024', 'L10A3', 'NH2122', 'MH0001', 'HK1', 8.4, 8.0, 8.3, 8.6, 8.4),
    ('HS0024', 'L10A3', 'NH2122', 'MH0002', 'HK1', 7.6, 7.3, 7.5, 7.7, 7.5),
    ('HS0024', 'L10A3', 'NH2122', 'MH0003', 'HK1', 8.8, 8.5, 8.7, 8.9, 8.7),
    ('HS0024', 'L10A3', 'NH2122', 'MH0004', 'HK1', 7.9, 7.6, 7.8, 8.0, 7.8),
    ('HS0024', 'L10A3', 'NH2122', 'MH0005', 'HK1', 8.5, 8.2, 8.4, 8.6, 8.4),
    ('HS0024', 'L10A3', 'NH2122', 'MH0006', 'HK1', 8.2, 8.0, 8.1, 8.3, 8.2),
    ('HS0024', 'L10A3', 'NH2122', 'MH0007', 'HK1', 7.8, 7.5, 7.6, 7.8, 7.7),
    ('HS0024', 'L10A3', 'NH2122', 'MH0008', 'HK1', 7.4, 7.3, 7.4, 7.6, 7.5),
    ('HS0024', 'L10A3', 'NH2122', 'MH0009', 'HK1', 9.4, 9.2, 9.3, 9.5, 9.3),

    ('HS0025', 'L10A3', 'NH2122', 'MH0001', 'HK1', 8.4, 8.0, 8.3, 8.6, 8.4),
    ('HS0025', 'L10A3', 'NH2122', 'MH0002', 'HK1', 7.6, 7.3, 7.5, 7.7, 7.5),
    ('HS0025', 'L10A3', 'NH2122', 'MH0003', 'HK1', 8.8, 8.5, 8.7, 8.9, 8.7),
    ('HS0025', 'L10A3', 'NH2122', 'MH0004', 'HK1', 7.9, 7.6, 7.8, 8.0, 7.8),
    ('HS0025', 'L10A3', 'NH2122', 'MH0005', 'HK1', 8.5, 8.2, 8.4, 8.6, 8.4),
    ('HS0025', 'L10A3', 'NH2122', 'MH0006', 'HK1', 8.2, 8.0, 8.1, 8.3, 8.2),
    ('HS0025', 'L10A3', 'NH2122', 'MH0007', 'HK1', 7.8, 7.5, 7.6, 7.8, 7.7),
    ('HS0025', 'L10A3', 'NH2122', 'MH0008', 'HK1', 7.4, 7.3, 7.4, 7.6, 7.5),
    ('HS0025', 'L10A3', 'NH2122', 'MH0009', 'HK1', 9.4, 9.2, 9.3, 9.5, 9.3),

    ('HS0026', 'L10A3', 'NH2122', 'MH0001', 'HK1', 8.4, 8.0, 8.3, 8.6, 8.4),
    ('HS0026', 'L10A3', 'NH2122', 'MH0002', 'HK1', 7.6, 7.3, 7.5, 7.7, 7.5),
    ('HS0026', 'L10A3', 'NH2122', 'MH0003', 'HK1', 8.8, 8.5, 8.7, 8.9, 8.7),
    ('HS0026', 'L10A3', 'NH2122', 'MH0004', 'HK1', 7.9, 7.6, 7.8, 8.0, 7.8),
    ('HS0026', 'L10A3', 'NH2122', 'MH0005', 'HK1', 8.5, 8.2, 8.4, 8.6, 8.4),
    ('HS0026', 'L10A3', 'NH2122', 'MH0006', 'HK1', 8.2, 8.0, 8.1, 8.3, 8.2),
    ('HS0026', 'L10A3', 'NH2122', 'MH0007', 'HK1', 7.8, 7.5, 7.6, 7.8, 7.7),
    ('HS0026', 'L10A3', 'NH2122', 'MH0008', 'HK1', 7.4, 7.3, 7.4, 7.6, 7.5),
    ('HS0026', 'L10A3', 'NH2122', 'MH0009', 'HK1', 9.4, 9.2, 9.3, 9.5, 9.3),

    ('HS0027', 'L10A3', 'NH2122', 'MH0001', 'HK1', 8.4, 8.0, 8.3, 8.6, 8.4),
    ('HS0027', 'L10A3', 'NH2122', 'MH0002', 'HK1', 7.6, 7.3, 7.5, 7.7, 7.5),
    ('HS0027', 'L10A3', 'NH2122', 'MH0003', 'HK1', 8.8, 8.5, 8.7, 8.9, 8.7),
    ('HS0027', 'L10A3', 'NH2122', 'MH0004', 'HK1', 7.9, 7.6, 7.8, 8.0, 7.8),
    ('HS0027', 'L10A3', 'NH2122', 'MH0005', 'HK1', 8.5, 8.2, 8.4, 8.6, 8.4),
    ('HS0027', 'L10A3', 'NH2122', 'MH0006', 'HK1', 8.2, 8.0, 8.1, 8.3, 8.2),
    ('HS0027', 'L10A3', 'NH2122', 'MH0007', 'HK1', 7.8, 7.5, 7.6, 7.8, 7.7),
    ('HS0027', 'L10A3', 'NH2122', 'MH0008', 'HK1', 7.4, 7.3, 7.4, 7.6, 7.5),
    ('HS0027', 'L10A3', 'NH2122', 'MH0009', 'HK1', 9.4, 9.2, 9.3, 9.5, 9.3),

    ('HS0028', 'L10A3', 'NH2122', 'MH0001', 'HK1', 8.4, 8.0, 8.3, 8.6, 8.4),
    ('HS0028', 'L10A3', 'NH2122', 'MH0002', 'HK1', 7.6, 7.3, 7.5, 7.7, 7.5),
    ('HS0028', 'L10A3', 'NH2122', 'MH0003', 'HK1', 8.8, 8.5, 8.7, 8.9, 8.7),
    ('HS0028', 'L10A3', 'NH2122', 'MH0004', 'HK1', 7.9, 7.6, 7.8, 8.0, 7.8),
    ('HS0028', 'L10A3', 'NH2122', 'MH0005', 'HK1', 8.5, 8.2, 8.4, 8.6, 8.4),
    ('HS0028', 'L10A3', 'NH2122', 'MH0006', 'HK1', 8.2, 8.0, 8.1, 8.3, 8.2),
    ('HS0028', 'L10A3', 'NH2122', 'MH0007', 'HK1', 7.8, 7.5, 7.6, 7.8, 7.7),
    ('HS0028', 'L10A3', 'NH2122', 'MH0008', 'HK1', 7.4, 7.3, 7.4, 7.6, 7.5),
    ('HS0028', 'L10A3', 'NH2122', 'MH0009', 'HK1', 9.4, 9.2, 9.3, 9.5, 9.3),

    ('HS0029', 'L10A3', 'NH2122', 'MH0001', 'HK1', 8.4, 8.0, 8.3, 8.6, 8.4),
    ('HS0029', 'L10A3', 'NH2122', 'MH0002', 'HK1', 7.6, 7.3, 7.5, 7.7, 7.5),
    ('HS0029', 'L10A3', 'NH2122', 'MH0003', 'HK1', 8.8, 8.5, 8.7, 8.9, 8.7),
    ('HS0029', 'L10A3', 'NH2122', 'MH0004', 'HK1', 7.9, 7.6, 7.8, 8.0, 7.8),
    ('HS0029', 'L10A3', 'NH2122', 'MH0005', 'HK1', 8.5, 8.2, 8.4, 8.6, 8.4),
    ('HS0029', 'L10A3', 'NH2122', 'MH0006', 'HK1', 8.2, 8.0, 8.1, 8.3, 8.2),
    ('HS0029', 'L10A3', 'NH2122', 'MH0007', 'HK1', 7.8, 7.5, 7.6, 7.8, 7.7),
    ('HS0029', 'L10A3', 'NH2122', 'MH0008', 'HK1', 7.4, 7.3, 7.4, 7.6, 7.5),
    ('HS0029', 'L10A3', 'NH2122', 'MH0009', 'HK1', 9.4, 9.2, 9.3, 9.5, 9.3),

    ('HS0030', 'L10A3', 'NH2122', 'MH0001', 'HK1', 8.4, 8.0, 8.3, 8.6, 8.4),
    ('HS0030', 'L10A3', 'NH2122', 'MH0002', 'HK1', 7.6, 7.3, 7.5, 7.7, 7.5),
    ('HS0030', 'L10A3', 'NH2122', 'MH0003', 'HK1', 8.8, 8.5, 8.7, 8.9, 8.7),
    ('HS0030', 'L10A3', 'NH2122', 'MH0004', 'HK1', 7.9, 7.6, 7.8, 8.0, 7.8),
    ('HS0030', 'L10A3', 'NH2122', 'MH0005', 'HK1', 8.5, 8.2, 8.4, 8.6, 8.4),
    ('HS0030', 'L10A3', 'NH2122', 'MH0006', 'HK1', 8.2, 8.0, 8.1, 8.3, 8.2),
    ('HS0030', 'L10A3', 'NH2122', 'MH0007', 'HK1', 7.8, 7.5, 7.6, 7.8, 7.7),
    ('HS0030', 'L10A3', 'NH2122', 'MH0008', 'HK1', 7.4, 7.3, 7.4, 7.6, 7.5),
    ('HS0030', 'L10A3', 'NH2122', 'MH0009', 'HK1', 9.4, 9.2, 9.3, 9.5, 9.3),

    ('HS0031', 'L11A1', 'NH2122', 'MH0001', 'HK1', 8.4, 8.0, 8.3, 8.6, 8.4),
    ('HS0031', 'L11A1', 'NH2122', 'MH0002', 'HK1', 7.6, 7.3, 7.5, 7.7, 7.5),
    ('HS0031', 'L11A1', 'NH2122', 'MH0003', 'HK1', 8.8, 8.5, 8.7, 8.9, 8.7),
    ('HS0031', 'L11A1', 'NH2122', 'MH0004', 'HK1', 7.9, 7.6, 7.8, 8.0, 7.8),
    ('HS0031', 'L11A1', 'NH2122', 'MH0005', 'HK1', 8.5, 8.2, 8.4, 8.6, 8.4),
    ('HS0031', 'L11A1', 'NH2122', 'MH0006', 'HK1', 8.2, 8.0, 8.1, 8.3, 8.2),
    ('HS0031', 'L11A1', 'NH2122', 'MH0007', 'HK1', 7.8, 7.5, 7.6, 7.8, 7.7),
    ('HS0031', 'L11A1', 'NH2122', 'MH0008', 'HK1', 7.4, 7.3, 7.4, 7.6, 7.5),
    ('HS0031', 'L11A1', 'NH2122', 'MH0009', 'HK1', 9.4, 9.2, 9.3, 9.5, 9.3),

    ('HS0032', 'L11A1', 'NH2122', 'MH0001', 'HK1', 8.4, 8.0, 8.3, 8.6, 8.4),
    ('HS0032', 'L11A1', 'NH2122', 'MH0002', 'HK1', 7.6, 7.3, 7.5, 7.7, 7.5),
    ('HS0032', 'L11A1', 'NH2122', 'MH0003', 'HK1', 8.8, 8.5, 8.7, 8.9, 8.7),
    ('HS0032', 'L11A1', 'NH2122', 'MH0004', 'HK1', 7.9, 7.6, 7.8, 8.0, 7.8),
    ('HS0032', 'L11A1', 'NH2122', 'MH0005', 'HK1', 8.5, 8.2, 8.4, 8.6, 8.4),
    ('HS0032', 'L11A1', 'NH2122', 'MH0006', 'HK1', 8.2, 8.0, 8.1, 8.3, 8.2),
    ('HS0032', 'L11A1', 'NH2122', 'MH0007', 'HK1', 7.8, 7.5, 7.6, 7.8, 7.7),
    ('HS0032', 'L11A1', 'NH2122', 'MH0008', 'HK1', 7.4, 7.3, 7.4, 7.6, 7.5),
    ('HS0032', 'L11A1', 'NH2122', 'MH0009', 'HK1', 9.4, 9.2, 9.3, 9.5, 9.3),

    ('HS0033', 'L11A1', 'NH2122', 'MH0001', 'HK1', 8.4, 8.0, 8.3, 8.6, 8.4),
    ('HS0033', 'L11A1', 'NH2122', 'MH0002', 'HK1', 7.6, 7.3, 7.5, 7.7, 7.5),
    ('HS0033', 'L11A1', 'NH2122', 'MH0003', 'HK1', 8.8, 8.5, 8.7, 8.9, 8.7),
    ('HS0033', 'L11A1', 'NH2122', 'MH0004', 'HK1', 7.9, 7.6, 7.8, 8.0, 7.8),
    ('HS0033', 'L11A1', 'NH2122', 'MH0005', 'HK1', 8.5, 8.2, 8.4, 8.6, 8.4),
    ('HS0033', 'L11A1', 'NH2122', 'MH0006', 'HK1', 8.2, 8.0, 8.1, 8.3, 8.2),
    ('HS0033', 'L11A1', 'NH2122', 'MH0007', 'HK1', 7.8, 7.5, 7.6, 7.8, 7.7),
    ('HS0033', 'L11A1', 'NH2122', 'MH0008', 'HK1', 7.4, 7.3, 7.4, 7.6, 7.5),
    ('HS0033', 'L11A1', 'NH2122', 'MH0009', 'HK1', 9.4, 9.2, 9.3, 9.5, 9.3),

    ('HS0034', 'L11A1', 'NH2122', 'MH0001', 'HK1', 8.4, 8.0, 8.3, 8.6, 8.4),
    ('HS0034', 'L11A1', 'NH2122', 'MH0002', 'HK1', 7.6, 7.3, 7.5, 7.7, 7.5),
    ('HS0034', 'L11A1', 'NH2122', 'MH0003', 'HK1', 8.8, 8.5, 8.7, 8.9, 8.7),
    ('HS0034', 'L11A1', 'NH2122', 'MH0004', 'HK1', 7.9, 7.6, 7.8, 8.0, 7.8),
    ('HS0034', 'L11A1', 'NH2122', 'MH0005', 'HK1', 8.5, 8.2, 8.4, 8.6, 8.4),
    ('HS0034', 'L11A1', 'NH2122', 'MH0006', 'HK1', 8.2, 8.0, 8.1, 8.3, 8.2),
    ('HS0034', 'L11A1', 'NH2122', 'MH0007', 'HK1', 7.8, 7.5, 7.6, 7.8, 7.7),
    ('HS0034', 'L11A1', 'NH2122', 'MH0008', 'HK1', 7.4, 7.3, 7.4, 7.6, 7.5),
    ('HS0034', 'L11A1', 'NH2122', 'MH0009', 'HK1', 9.4, 9.2, 9.3, 9.5, 9.3),

    ('HS0035', 'L11A1', 'NH2122', 'MH0001', 'HK1', 8.4, 8.0, 8.3, 8.6, 8.4),
    ('HS0035', 'L11A1', 'NH2122', 'MH0002', 'HK1', 7.6, 7.3, 7.5, 7.7, 7.5),
    ('HS0035', 'L11A1', 'NH2122', 'MH0003', 'HK1', 8.8, 8.5, 8.7, 8.9, 8.7),
    ('HS0035', 'L11A1', 'NH2122', 'MH0004', 'HK1', 7.9, 7.6, 7.8, 8.0, 7.8),
    ('HS0035', 'L11A1', 'NH2122', 'MH0005', 'HK1', 8.5, 8.2, 8.4, 8.6, 8.4),
    ('HS0035', 'L11A1', 'NH2122', 'MH0006', 'HK1', 8.2, 8.0, 8.1, 8.3, 8.2),
    ('HS0035', 'L11A1', 'NH2122', 'MH0007', 'HK1', 7.8, 7.5, 7.6, 7.8, 7.7),
    ('HS0035', 'L11A1', 'NH2122', 'MH0008', 'HK1', 7.4, 7.3, 7.4, 7.6, 7.5),
    ('HS0035', 'L11A1', 'NH2122', 'MH0009', 'HK1', 9.4, 9.2, 9.3, 9.5, 9.3),

    ('HS0036', 'L11A1', 'NH2122', 'MH0001', 'HK1', 8.4, 8.0, 8.3, 8.6, 8.4),
    ('HS0036', 'L11A1', 'NH2122', 'MH0002', 'HK1', 7.6, 7.3, 7.5, 7.7, 7.5),
    ('HS0036', 'L11A1', 'NH2122', 'MH0003', 'HK1', 8.8, 8.5, 8.7, 8.9, 8.7),
    ('HS0036', 'L11A1', 'NH2122', 'MH0004', 'HK1', 7.9, 7.6, 7.8, 8.0, 7.8),
    ('HS0036', 'L11A1', 'NH2122', 'MH0005', 'HK1', 8.5, 8.2, 8.4, 8.6, 8.4),
    ('HS0036', 'L11A1', 'NH2122', 'MH0006', 'HK1', 8.2, 8.0, 8.1, 8.3, 8.2),
    ('HS0036', 'L11A1', 'NH2122', 'MH0007', 'HK1', 7.8, 7.5, 7.6, 7.8, 7.7),
    ('HS0036', 'L11A1', 'NH2122', 'MH0008', 'HK1', 7.4, 7.3, 7.4, 7.6, 7.5),
    ('HS0036', 'L11A1', 'NH2122', 'MH0009', 'HK1', 9.4, 9.2, 9.3, 9.5, 9.3),

    ('HS0037', 'L11A1', 'NH2122', 'MH0001', 'HK1', 8.4, 8.0, 8.3, 8.6, 8.4),
    ('HS0037', 'L11A1', 'NH2122', 'MH0002', 'HK1', 7.6, 7.3, 7.5, 7.7, 7.5),
    ('HS0037', 'L11A1', 'NH2122', 'MH0003', 'HK1', 8.8, 8.5, 8.7, 8.9, 8.7),
    ('HS0037', 'L11A1', 'NH2122', 'MH0004', 'HK1', 7.9, 7.6, 7.8, 8.0, 7.8),
    ('HS0037', 'L11A1', 'NH2122', 'MH0005', 'HK1', 8.5, 8.2, 8.4, 8.6, 8.4),
    ('HS0037', 'L11A1', 'NH2122', 'MH0006', 'HK1', 8.2, 8.0, 8.1, 8.3, 8.2),
    ('HS0037', 'L11A1', 'NH2122', 'MH0007', 'HK1', 7.8, 7.5, 7.6, 7.8, 7.7),
    ('HS0037', 'L11A1', 'NH2122', 'MH0008', 'HK1', 7.4, 7.3, 7.4, 7.6, 7.5),
    ('HS0037', 'L11A1', 'NH2122', 'MH0009', 'HK1', 9.4, 9.2, 9.3, 9.5, 9.3),

    ('HS0038', 'L11A1', 'NH2122', 'MH0001', 'HK1', 8.4, 8.0, 8.3, 8.6, 8.4),
    ('HS0038', 'L11A1', 'NH2122', 'MH0002', 'HK1', 7.6, 7.3, 7.5, 7.7, 7.5),
    ('HS0038', 'L11A1', 'NH2122', 'MH0003', 'HK1', 8.8, 8.5, 8.7, 8.9, 8.7),
    ('HS0038', 'L11A1', 'NH2122', 'MH0004', 'HK1', 7.9, 7.6, 7.8, 8.0, 7.8),
    ('HS0038', 'L11A1', 'NH2122', 'MH0005', 'HK1', 8.5, 8.2, 8.4, 8.6, 8.4),
    ('HS0038', 'L11A1', 'NH2122', 'MH0006', 'HK1', 8.2, 8.0, 8.1, 8.3, 8.2),
    ('HS0038', 'L11A1', 'NH2122', 'MH0007', 'HK1', 7.8, 7.5, 7.6, 7.8, 7.7),
    ('HS0038', 'L11A1', 'NH2122', 'MH0008', 'HK1', 7.4, 7.3, 7.4, 7.6, 7.5),
    ('HS0038', 'L11A1', 'NH2122', 'MH0009', 'HK1', 9.4, 9.2, 9.3, 9.5, 9.3),

    ('HS0039', 'L11A1', 'NH2122', 'MH0001', 'HK1', 8.4, 8.0, 8.3, 8.6, 8.4),
    ('HS0039', 'L11A1', 'NH2122', 'MH0002', 'HK1', 7.6, 7.3, 7.5, 7.7, 7.5),
    ('HS0039', 'L11A1', 'NH2122', 'MH0003', 'HK1', 8.8, 8.5, 8.7, 8.9, 8.7),
    ('HS0039', 'L11A1', 'NH2122', 'MH0004', 'HK1', 7.9, 7.6, 7.8, 8.0, 7.8),
    ('HS0039', 'L11A1', 'NH2122', 'MH0005', 'HK1', 8.5, 8.2, 8.4, 8.6, 8.4),
    ('HS0039', 'L11A1', 'NH2122', 'MH0006', 'HK1', 8.2, 8.0, 8.1, 8.3, 8.2),
    ('HS0039', 'L11A1', 'NH2122', 'MH0007', 'HK1', 7.8, 7.5, 7.6, 7.8, 7.7),
    ('HS0039', 'L11A1', 'NH2122', 'MH0008', 'HK1', 7.4, 7.3, 7.4, 7.6, 7.5),
    ('HS0039', 'L11A1', 'NH2122', 'MH0009', 'HK1', 9.4, 9.2, 9.3, 9.5, 9.3),

    ('HS0040', 'L11A1', 'NH2122', 'MH0001', 'HK1', 8.4, 8.0, 8.3, 8.6, 8.4),
    ('HS0040', 'L11A1', 'NH2122', 'MH0002', 'HK1', 7.6, 7.3, 7.5, 7.7, 7.5),
    ('HS0040', 'L11A1', 'NH2122', 'MH0003', 'HK1', 8.8, 8.5, 8.7, 8.9, 8.7),
    ('HS0040', 'L11A1', 'NH2122', 'MH0004', 'HK1', 7.9, 7.6, 7.8, 8.0, 7.8),
    ('HS0040', 'L11A1', 'NH2122', 'MH0005', 'HK1', 8.5, 8.2, 8.4, 8.6, 8.4),
    ('HS0040', 'L11A1', 'NH2122', 'MH0006', 'HK1', 8.2, 8.0, 8.1, 8.3, 8.2),
    ('HS0040', 'L11A1', 'NH2122', 'MH0007', 'HK1', 7.8, 7.5, 7.6, 7.8, 7.7),
    ('HS0040', 'L11A1', 'NH2122', 'MH0008', 'HK1', 7.4, 7.3, 7.4, 7.6, 7.5),
    ('HS0040', 'L11A1', 'NH2122', 'MH0009', 'HK1', 9.4, 9.2, 9.3, 9.5, 9.3);
insert into kq_hocsinh_monhoc
(MaHocSinh,MaLop,MaNamHoc ,MaMonHoc,MaHocKy, DiemMiengTB ,Diem15PhutTB ,Diem45PhutTB ,DiemThi,DiemTBHK)
values
    ('HS0041', 'L11A2', 'NH2122', 'MH0001', 'HK1', 8.2, 7.5, 8.0, 9.0, 8.1),
    ('HS0041', 'L11A2', 'NH2122', 'MH0002', 'HK1', 7.8, 6.5, 8.2, 7.9, 7.6),
    ('HS0041', 'L11A2', 'NH2122', 'MH0003', 'HK1', 9.0, 8.5, 9.2, 8.8, 8.9),
    ('HS0041', 'L11A2', 'NH2122', 'MH0004', 'HK1', 6.7, 7.0, 7.5, 6.9, 7.3),
    ('HS0041', 'L11A2', 'NH2122', 'MH0005', 'HK1', 7.5, 8.0, 7.8, 8.1, 7.9),
    ('HS0041', 'L11A2', 'NH2122', 'MH0006', 'HK1', 8.3, 7.9, 8.4, 8.7, 8.5),
    ('HS0041', 'L11A2', 'NH2122', 'MH0007', 'HK1', 7.0, 7.5, 7.3, 7.6, 7.4),
    ('HS0041', 'L11A2', 'NH2122', 'MH0008', 'HK1', 6.5, 6.7, 6.9, 7.2, 6.8),
    ('HS0041', 'L11A2', 'NH2122', 'MH0009', 'HK1', 9.0, 8.8, 9.1, 9.2, 9.0),

    ('HS0042', 'L11A2', 'NH2122', 'MH0001', 'HK1', 7.2, 6.9, 7.5, 7.8, 7.4),
    ('HS0042', 'L11A2', 'NH2122', 'MH0002', 'HK1', 8.1, 7.4, 8.0, 8.2, 7.9),
    ('HS0042', 'L11A2', 'NH2122', 'MH0003', 'HK1', 6.8, 7.0, 7.3, 7.5, 7.2),
    ('HS0042', 'L11A2', 'NH2122', 'MH0004', 'HK1', 7.5, 7.2, 7.8, 8.0, 7.6),
    ('HS0042', 'L11A2', 'NH2122', 'MH0005', 'HK1', 8.3, 8.0, 8.5, 8.6, 8.4),
    ('HS0042', 'L11A2', 'NH2122', 'MH0006', 'HK1', 7.9, 7.6, 8.2, 8.4, 8.0),
    ('HS0042', 'L11A2', 'NH2122', 'MH0007', 'HK1', 7.0, 6.8, 7.3, 7.4, 7.1),
    ('HS0042', 'L11A2', 'NH2122', 'MH0008', 'HK1', 6.7, 6.5, 6.9, 7.0, 6.8),
    ('HS0042', 'L11A2', 'NH2122', 'MH0009', 'HK1', 8.9, 8.7, 9.0, 9.1, 8.9),

    ('HS0043', 'L11A2', 'NH2122', 'MH0001', 'HK1', 8.0, 7.5, 7.8, 8.2, 7.9),
    ('HS0043', 'L11A2', 'NH2122', 'MH0002', 'HK1', 7.4, 7.2, 7.5, 7.7, 7.5),
    ('HS0043', 'L11A2', 'NH2122', 'MH0003', 'HK1', 8.5, 8.0, 8.3, 8.7, 8.4),
    ('HS0043', 'L11A2', 'NH2122', 'MH0004', 'HK1', 7.3, 7.1, 7.5, 7.6, 7.4),
    ('HS0043', 'L11A2', 'NH2122', 'MH0005', 'HK1', 8.2, 7.8, 8.0, 8.4, 8.1),
    ('HS0043', 'L11A2', 'NH2122', 'MH0006', 'HK1', 7.9, 7.5, 7.8, 8.0, 7.8),
    ('HS0043', 'L11A2', 'NH2122', 'MH0007', 'HK1', 7.2, 7.3, 7.4, 7.5, 7.3),
    ('HS0043', 'L11A2', 'NH2122', 'MH0008', 'HK1', 6.9, 7.0, 7.1, 7.2, 7.1),
    ('HS0043', 'L11A2', 'NH2122', 'MH0009', 'HK1', 9.0, 8.7, 8.9, 9.1, 8.9),

    ('HS0044', 'L11A2', 'NH2122', 'MH0001', 'HK1', 8.1, 7.8, 7.9, 8.4, 8.1),
    ('HS0044', 'L11A2', 'NH2122', 'MH0002', 'HK1', 7.6, 7.5, 7.8, 7.9, 7.7),
    ('HS0044', 'L11A2', 'NH2122', 'MH0003', 'HK1', 8.6, 8.4, 8.7, 8.8, 8.6),
    ('HS0044', 'L11A2', 'NH2122', 'MH0004', 'HK1', 7.4, 7.3, 7.6, 7.8, 7.5),
    ('HS0044', 'L11A2', 'NH2122', 'MH0005', 'HK1', 8.4, 8.2, 8.5, 8.6, 8.4),
    ('HS0044', 'L11A2', 'NH2122', 'MH0006', 'HK1', 8.0, 7.8, 8.1, 8.3, 8.1),
    ('HS0044', 'L11A2', 'NH2122', 'MH0007', 'HK1', 7.5, 7.4, 7.6, 7.8, 7.6),
    ('HS0044', 'L11A2', 'NH2122', 'MH0008', 'HK1', 7.1, 7.0, 7.2, 7.3, 7.2),
    ('HS0044', 'L11A2', 'NH2122', 'MH0009', 'HK1', 9.2, 9.0, 9.3, 9.4, 9.2),

    ('HS0045', 'L11A2', 'NH2122', 'MH0001', 'HK1', 8.3, 7.9, 8.2, 8.5, 8.2),
    ('HS0045', 'L11A2', 'NH2122', 'MH0002', 'HK1', 7.5, 7.4, 7.6, 7.8, 7.6),
    ('HS0045', 'L11A2', 'NH2122', 'MH0004', 'HK1', 7.8, 7.5, 7.9, 8.0, 7.8),
    ('HS0045', 'L11A2', 'NH2122', 'MH0005', 'HK1', 8.6, 8.4, 8.5, 8.7, 8.5),
    ('HS0045', 'L11A2', 'NH2122', 'MH0006', 'HK1', 8.1, 7.9, 8.2, 8.4, 8.2),
    ('HS0045', 'L11A2', 'NH2122', 'MH0007', 'HK1', 7.7, 7.5, 7.6, 7.8, 7.7),
    ('HS0045', 'L11A2', 'NH2122', 'MH0008', 'HK1', 7.3, 7.2, 7.4, 7.5, 7.4),
    ('HS0045', 'L11A2', 'NH2122', 'MH0009', 'HK1', 9.3, 9.1, 9.2, 9.4, 9.2),

    ('HS0046', 'L11A2', 'NH2122', 'MH0001', 'HK1', 8.4, 8.0, 8.3, 8.6, 8.4),
    ('HS0046', 'L11A2', 'NH2122', 'MH0002', 'HK1', 7.6, 7.3, 7.5, 7.7, 7.5),
    ('HS0046', 'L11A2', 'NH2122', 'MH0003', 'HK1', 8.8, 8.5, 8.7, 8.9, 8.7),
    ('HS0046', 'L11A2', 'NH2122', 'MH0004', 'HK1', 7.9, 7.6, 7.8, 8.0, 7.8),
    ('HS0046', 'L11A2', 'NH2122', 'MH0005', 'HK1', 8.5, 8.2, 8.4, 8.6, 8.4),
    ('HS0046', 'L11A2', 'NH2122', 'MH0006', 'HK1', 8.2, 8.0, 8.1, 8.3, 8.2),
    ('HS0046', 'L11A2', 'NH2122', 'MH0007', 'HK1', 7.8, 7.5, 7.6, 7.8, 7.7),
    ('HS0046', 'L11A2', 'NH2122', 'MH0008', 'HK1', 7.4, 7.3, 7.4, 7.6, 7.5),
    ('HS0046', 'L11A2', 'NH2122', 'MH0009', 'HK1', 9.4, 9.2, 9.3, 9.5, 9.3),

    ('HS0047', 'L11A2', 'NH2122', 'MH0001', 'HK1', 8.4, 8.0, 8.3, 8.6, 8.4),
    ('HS0047', 'L11A2', 'NH2122', 'MH0002', 'HK1', 7.6, 7.3, 7.5, 7.7, 7.5),
    ('HS0047', 'L11A2', 'NH2122', 'MH0003', 'HK1', 8.8, 8.5, 8.7, 8.9, 8.7),
    ('HS0047', 'L11A2', 'NH2122', 'MH0004', 'HK1', 7.9, 7.6, 7.8, 8.0, 7.8),
    ('HS0047', 'L11A2', 'NH2122', 'MH0005', 'HK1', 8.5, 8.2, 8.4, 8.6, 8.4),
    ('HS0047', 'L11A2', 'NH2122', 'MH0006', 'HK1', 8.2, 8.0, 8.1, 8.3, 8.2),
    ('HS0047', 'L11A2', 'NH2122', 'MH0007', 'HK1', 7.8, 7.5, 7.6, 7.8, 7.7),
    ('HS0047', 'L11A2', 'NH2122', 'MH0008', 'HK1', 7.4, 7.3, 7.4, 7.6, 7.5),
    ('HS0047', 'L11A2', 'NH2122', 'MH0009', 'HK1', 9.4, 9.2, 9.3, 9.5, 9.3),

    ('HS0048', 'L11A2', 'NH2122', 'MH0001', 'HK1', 8.4, 8.0, 8.3, 8.6, 8.4),
    ('HS0048', 'L11A2', 'NH2122', 'MH0002', 'HK1', 7.6, 7.3, 7.5, 7.7, 7.5),
    ('HS0048', 'L11A2', 'NH2122', 'MH0003', 'HK1', 8.8, 8.5, 8.7, 8.9, 8.7),
    ('HS0048', 'L11A2', 'NH2122', 'MH0004', 'HK1', 7.9, 7.6, 7.8, 8.0, 7.8),
    ('HS0048', 'L11A2', 'NH2122', 'MH0005', 'HK1', 8.5, 8.2, 8.4, 8.6, 8.4),
    ('HS0048', 'L11A2', 'NH2122', 'MH0006', 'HK1', 8.2, 8.0, 8.1, 8.3, 8.2),
    ('HS0048', 'L11A2', 'NH2122', 'MH0007', 'HK1', 7.8, 7.5, 7.6, 7.8, 7.7),
    ('HS0048', 'L11A2', 'NH2122', 'MH0008', 'HK1', 7.4, 7.3, 7.4, 7.6, 7.5),
    ('HS0048', 'L11A2', 'NH2122', 'MH0009', 'HK1', 9.4, 9.2, 9.3, 9.5, 9.3),

    ('HS0049', 'L11A2', 'NH2122', 'MH0001', 'HK1', 8.4, 8.0, 8.3, 8.6, 8.4),
    ('HS0049', 'L11A2', 'NH2122', 'MH0002', 'HK1', 7.6, 7.3, 7.5, 7.7, 7.5),
    ('HS0049', 'L11A2', 'NH2122', 'MH0003', 'HK1', 8.8, 8.5, 8.7, 8.9, 8.7),
    ('HS0049', 'L11A2', 'NH2122', 'MH0004', 'HK1', 7.9, 7.6, 7.8, 8.0, 7.8),
    ('HS0049', 'L11A2', 'NH2122', 'MH0006', 'HK1', 8.2, 8.0, 8.1, 8.3, 8.2),
    ('HS0049', 'L11A2', 'NH2122', 'MH0007', 'HK1', 7.8, 7.5, 7.6, 7.8, 7.7),
    ('HS0049', 'L11A2', 'NH2122', 'MH0008', 'HK1', 7.4, 7.3, 7.4, 7.6, 7.5),
    ('HS0049', 'L11A2', 'NH2122', 'MH0009', 'HK1', 9.4, 9.2, 9.3, 9.5, 9.3),

    ('HS0050', 'L11A2', 'NH2122', 'MH0001', 'HK1', 8.4, 8.0, 8.3, 8.6, 8.4),
    ('HS0050', 'L11A2', 'NH2122', 'MH0002', 'HK1', 7.6, 7.3, 7.5, 7.7, 7.5),
    ('HS0050', 'L11A2', 'NH2122', 'MH0003', 'HK1', 8.8, 8.5, 8.7, 8.9, 8.7),
    ('HS0050', 'L11A2', 'NH2122', 'MH0004', 'HK1', 7.9, 7.6, 7.8, 8.0, 7.8),
    ('HS0050', 'L11A2', 'NH2122', 'MH0005', 'HK1', 8.5, 8.2, 8.4, 8.6, 8.4),
    ('HS0050', 'L11A2', 'NH2122', 'MH0006', 'HK1', 8.2, 8.0, 8.1, 8.3, 8.2),
    ('HS0050', 'L11A2', 'NH2122', 'MH0007', 'HK1', 7.8, 7.5, 7.6, 7.8, 7.7),
    ('HS0050', 'L11A2', 'NH2122', 'MH0008', 'HK1', 7.4, 7.3, 7.4, 7.6, 7.5),
    ('HS0050', 'L11A2', 'NH2122', 'MH0009', 'HK1', 9.4, 9.2, 9.3, 9.5, 9.3),

    ('HS0051', 'L11A3', 'NH2122', 'MH0001', 'HK1', 8.2, 7.5, 8.0, 9.0, 8.1),
    ('HS0051', 'L11A3', 'NH2122', 'MH0002', 'HK1', 7.8, 6.5, 8.2, 7.9, 7.6),
    ('HS0051', 'L11A3', 'NH2122', 'MH0003', 'HK1', 9.0, 8.5, 9.2, 8.8, 8.9),
    ('HS0051', 'L11A3', 'NH2122', 'MH0004', 'HK1', 6.7, 7.0, 7.5, 6.9, 7.3),
    ('HS0051', 'L11A3', 'NH2122', 'MH0005', 'HK1', 7.5, 8.0, 7.8, 8.1, 7.9),
    ('HS0051', 'L11A3', 'NH2122', 'MH0006', 'HK1', 8.3, 7.9, 8.4, 8.7, 8.5),
    ('HS0051', 'L11A3', 'NH2122', 'MH0007', 'HK1', 7.0, 7.5, 7.3, 7.6, 7.4),
    ('HS0051', 'L11A3', 'NH2122', 'MH0008', 'HK1', 6.5, 6.7, 6.9, 7.2, 6.8),
    ('HS0051', 'L11A3', 'NH2122', 'MH0009', 'HK1', 9.0, 8.8, 9.1, 9.2, 9.0),

    ('HS0052', 'L11A3', 'NH2122', 'MH0001', 'HK1', 7.2, 6.9, 7.5, 7.8, 7.4),
    ('HS0052', 'L11A3', 'NH2122', 'MH0002', 'HK1', 8.1, 7.4, 8.0, 8.2, 7.9),
    ('HS0052', 'L11A3', 'NH2122', 'MH0003', 'HK1', 6.8, 7.0, 7.3, 7.5, 7.2),
    ('HS0052', 'L11A3', 'NH2122', 'MH0004', 'HK1', 7.5, 7.2, 7.8, 8.0, 7.6),
    ('HS0052', 'L11A3', 'NH2122', 'MH0005', 'HK1', 8.3, 8.0, 8.5, 8.6, 8.4),
    ('HS0052', 'L11A3', 'NH2122', 'MH0006', 'HK1', 7.9, 7.6, 8.2, 8.4, 8.0),
    ('HS0052', 'L11A3', 'NH2122', 'MH0007', 'HK1', 7.0, 6.8, 7.3, 7.4, 7.1),
    ('HS0052', 'L11A3', 'NH2122', 'MH0008', 'HK1', 6.7, 6.5, 6.9, 7.0, 6.8),
    ('HS0052', 'L11A3', 'NH2122', 'MH0009', 'HK1', 8.9, 8.7, 9.0, 9.1, 8.9),

    ('HS0053', 'L11A3', 'NH2122', 'MH0001', 'HK1', 8.0, 7.5, 7.8, 8.2, 7.9),
    ('HS0053', 'L11A3', 'NH2122', 'MH0002', 'HK1', 7.4, 7.2, 7.5, 7.7, 7.5),
    ('HS0053', 'L11A3', 'NH2122', 'MH0003', 'HK1', 8.5, 8.0, 8.3, 8.7, 8.4),
    ('HS0053', 'L11A3', 'NH2122', 'MH0004', 'HK1', 7.3, 7.1, 7.5, 7.6, 7.4),
    ('HS0053', 'L11A3', 'NH2122', 'MH0005', 'HK1', 8.2, 7.8, 8.0, 8.4, 8.1),
    ('HS0053', 'L11A3', 'NH2122', 'MH0006', 'HK1', 7.9, 7.5, 7.8, 8.0, 7.8),
    ('HS0053', 'L11A3', 'NH2122', 'MH0007', 'HK1', 7.2, 7.3, 7.4, 7.5, 7.3),
    ('HS0053', 'L11A3', 'NH2122', 'MH0008', 'HK1', 6.9, 7.0, 7.1, 7.2, 7.1),
    ('HS0053', 'L11A3', 'NH2122', 'MH0009', 'HK1', 9.0, 8.7, 8.9, 9.1, 8.9),

    ('HS0054', 'L11A3', 'NH2122', 'MH0001', 'HK1', 8.1, 7.8, 7.9, 8.4, 8.1),
    ('HS0054', 'L11A3', 'NH2122', 'MH0002', 'HK1', 7.6, 7.5, 7.8, 7.9, 7.7),
    ('HS0054', 'L11A3', 'NH2122', 'MH0003', 'HK1', 8.6, 8.4, 8.7, 8.8, 8.6),
    ('HS0054', 'L11A3', 'NH2122', 'MH0004', 'HK1', 7.4, 7.3, 7.6, 7.8, 7.5),
    ('HS0054', 'L11A3', 'NH2122', 'MH0005', 'HK1', 8.4, 8.2, 8.5, 8.6, 8.4),
    ('HS0054', 'L11A3', 'NH2122', 'MH0006', 'HK1', 8.0, 7.8, 8.1, 8.3, 8.1),
    ('HS0054', 'L11A3', 'NH2122', 'MH0007', 'HK1', 7.5, 7.4, 7.6, 7.8, 7.6),
    ('HS0054', 'L11A3', 'NH2122', 'MH0008', 'HK1', 7.1, 7.0, 7.2, 7.3, 7.2),
    ('HS0054', 'L11A3', 'NH2122', 'MH0009', 'HK1', 9.2, 9.0, 9.3, 9.4, 9.2),

    ('HS0055', 'L11A3', 'NH2122', 'MH0001', 'HK1', 8.3, 7.9, 8.2, 8.5, 8.2),
    ('HS0055', 'L11A3', 'NH2122', 'MH0002', 'HK1', 7.5, 7.4, 7.6, 7.8, 7.6),
    ('HS0055', 'L11A3', 'NH2122', 'MH0004', 'HK1', 7.8, 7.5, 7.9, 8.0, 7.8),
    ('HS0055', 'L11A3', 'NH2122', 'MH0005', 'HK1', 8.6, 8.4, 8.5, 8.7, 8.5),
    ('HS0055', 'L11A3', 'NH2122', 'MH0006', 'HK1', 8.1, 7.9, 8.2, 8.4, 8.2),
    ('HS0055', 'L11A3', 'NH2122', 'MH0007', 'HK1', 7.7, 7.5, 7.6, 7.8, 7.7),
    ('HS0055', 'L11A3', 'NH2122', 'MH0008', 'HK1', 7.3, 7.2, 7.4, 7.5, 7.4),
    ('HS0055', 'L11A3', 'NH2122', 'MH0009', 'HK1', 9.3, 9.1, 9.2, 9.4, 9.2),

    ('HS0056', 'L11A3', 'NH2122', 'MH0001', 'HK1', 8.4, 8.0, 8.3, 8.6, 8.4),
    ('HS0056', 'L11A3', 'NH2122', 'MH0002', 'HK1', 7.6, 7.3, 7.5, 7.7, 7.5),
    ('HS0056', 'L11A3', 'NH2122', 'MH0003', 'HK1', 8.8, 8.5, 8.7, 8.9, 8.7),
    ('HS0056', 'L11A3', 'NH2122', 'MH0004', 'HK1', 7.9, 7.6, 7.8, 8.0, 7.8),
    ('HS0056', 'L11A3', 'NH2122', 'MH0005', 'HK1', 8.5, 8.2, 8.4, 8.6, 8.4),
    ('HS0056', 'L11A3', 'NH2122', 'MH0006', 'HK1', 8.2, 8.0, 8.1, 8.3, 8.2),
    ('HS0056', 'L11A3', 'NH2122', 'MH0007', 'HK1', 7.8, 7.5, 7.6, 7.8, 7.7),
    ('HS0056', 'L11A3', 'NH2122', 'MH0008', 'HK1', 7.4, 7.3, 7.4, 7.6, 7.5),
    ('HS0056', 'L11A3', 'NH2122', 'MH0009', 'HK1', 9.4, 9.2, 9.3, 9.5, 9.3),

    ('HS0057', 'L11A3', 'NH2122', 'MH0001', 'HK1', 8.4, 8.0, 8.3, 8.6, 8.4),
    ('HS0057', 'L11A3', 'NH2122', 'MH0002', 'HK1', 7.6, 7.3, 7.5, 7.7, 7.5),
    ('HS0057', 'L11A3', 'NH2122', 'MH0003', 'HK1', 8.8, 8.5, 8.7, 8.9, 8.7),
    ('HS0057', 'L11A3', 'NH2122', 'MH0004', 'HK1', 7.9, 7.6, 7.8, 8.0, 7.8),
    ('HS0057', 'L11A3', 'NH2122', 'MH0005', 'HK1', 8.5, 8.2, 8.4, 8.6, 8.4),
    ('HS0057', 'L11A3', 'NH2122', 'MH0006', 'HK1', 8.2, 8.0, 8.1, 8.3, 8.2),
    ('HS0057', 'L11A3', 'NH2122', 'MH0007', 'HK1', 7.8, 7.5, 7.6, 7.8, 7.7),
    ('HS0057', 'L11A3', 'NH2122', 'MH0008', 'HK1', 7.4, 7.3, 7.4, 7.6, 7.5),
    ('HS0057', 'L11A3', 'NH2122', 'MH0009', 'HK1', 9.4, 9.2, 9.3, 9.5, 9.3),

    ('HS0058', 'L11A3', 'NH2122', 'MH0001', 'HK1', 8.4, 8.0, 8.3, 8.6, 8.4),
    ('HS0058', 'L11A3', 'NH2122', 'MH0002', 'HK1', 7.6, 7.3, 7.5, 7.7, 7.5),
    ('HS0058', 'L11A3', 'NH2122', 'MH0003', 'HK1', 8.8, 8.5, 8.7, 8.9, 8.7),
    ('HS0058', 'L11A3', 'NH2122', 'MH0004', 'HK1', 7.9, 7.6, 7.8, 8.0, 7.8),
    ('HS0058', 'L11A3', 'NH2122', 'MH0005', 'HK1', 8.5, 8.2, 8.4, 8.6, 8.4),
    ('HS0058', 'L11A3', 'NH2122', 'MH0006', 'HK1', 8.2, 8.0, 8.1, 8.3, 8.2),
    ('HS0058', 'L11A3', 'NH2122', 'MH0007', 'HK1', 7.8, 7.5, 7.6, 7.8, 7.7),
    ('HS0058', 'L11A3', 'NH2122', 'MH0008', 'HK1', 7.4, 7.3, 7.4, 7.6, 7.5),
    ('HS0058', 'L11A3', 'NH2122', 'MH0009', 'HK1', 9.4, 9.2, 9.3, 9.5, 9.3),

    ('HS0059', 'L11A3', 'NH2122', 'MH0001', 'HK1', 8.4, 8.0, 8.3, 8.6, 8.4),
    ('HS0059', 'L11A3', 'NH2122', 'MH0002', 'HK1', 7.6, 7.3, 7.5, 7.7, 7.5),
    ('HS0059', 'L11A3', 'NH2122', 'MH0003', 'HK1', 8.8, 8.5, 8.7, 8.9, 8.7),
    ('HS0059', 'L11A3', 'NH2122', 'MH0004', 'HK1', 7.9, 7.6, 7.8, 8.0, 7.8),
    ('HS0059', 'L11A3', 'NH2122', 'MH0006', 'HK1', 8.2, 8.0, 8.1, 8.3, 8.2),
    ('HS0059', 'L11A3', 'NH2122', 'MH0007', 'HK1', 7.8, 7.5, 7.6, 7.8, 7.7),
    ('HS0059', 'L11A3', 'NH2122', 'MH0008', 'HK1', 7.4, 7.3, 7.4, 7.6, 7.5),
    ('HS0059', 'L11A3', 'NH2122', 'MH0009', 'HK1', 9.4, 9.2, 9.3, 9.5, 9.3),

    ('HS0060', 'L11A3', 'NH2122', 'MH0001', 'HK1', 8.4, 8.0, 8.3, 8.6, 8.4),
    ('HS0060', 'L11A3', 'NH2122', 'MH0002', 'HK1', 7.6, 7.3, 7.5, 7.7, 7.5),
    ('HS0060', 'L11A3', 'NH2122', 'MH0003', 'HK1', 8.8, 8.5, 8.7, 8.9, 8.7),
    ('HS0060', 'L11A3', 'NH2122', 'MH0004', 'HK1', 7.9, 7.6, 7.8, 8.0, 7.8),
    ('HS0060', 'L11A3', 'NH2122', 'MH0005', 'HK1', 8.5, 8.2, 8.4, 8.6, 8.4),
    ('HS0060', 'L11A3', 'NH2122', 'MH0006', 'HK1', 8.2, 8.0, 8.1, 8.3, 8.2),
    ('HS0060', 'L11A3', 'NH2122', 'MH0007', 'HK1', 7.8, 7.5, 7.6, 7.8, 7.7),
    ('HS0060', 'L11A3', 'NH2122', 'MH0008', 'HK1', 7.4, 7.3, 7.4, 7.6, 7.5),
    ('HS0060', 'L11A3', 'NH2122', 'MH0009', 'HK1', 9.4, 9.2, 9.3, 9.5, 9.3),

    ('HS0061', 'L12A1', 'NH2122', 'MH0001', 'HK1', 8.2, 7.5, 8.0, 9.0, 8.1),
    ('HS0061', 'L12A1', 'NH2122', 'MH0002', 'HK1', 7.8, 6.5, 8.2, 7.9, 7.6),
    ('HS0061', 'L12A1', 'NH2122', 'MH0003', 'HK1', 9.0, 8.5, 9.2, 8.8, 8.9),
    ('HS0061', 'L12A1', 'NH2122', 'MH0004', 'HK1', 6.7, 7.0, 7.5, 6.9, 7.3),
    ('HS0061', 'L12A1', 'NH2122', 'MH0005', 'HK1', 7.5, 8.0, 7.8, 8.1, 7.9),
    ('HS0061', 'L12A1', 'NH2122', 'MH0006', 'HK1', 8.3, 7.9, 8.4, 8.7, 8.5),
    ('HS0061', 'L12A1', 'NH2122', 'MH0007', 'HK1', 7.0, 7.5, 7.3, 7.6, 7.4),
    ('HS0061', 'L12A1', 'NH2122', 'MH0008', 'HK1', 6.5, 6.7, 6.9, 7.2, 6.8),
    ('HS0061', 'L12A1', 'NH2122', 'MH0009', 'HK1', 9.0, 8.8, 9.1, 9.2, 9.0),

    ('HS0062', 'L12A1', 'NH2122', 'MH0001', 'HK1', 7.2, 6.9, 7.5, 7.8, 7.4),
    ('HS0062', 'L12A1', 'NH2122', 'MH0002', 'HK1', 8.1, 7.4, 8.0, 8.2, 7.9),
    ('HS0062', 'L12A1', 'NH2122', 'MH0003', 'HK1', 6.8, 7.0, 7.3, 7.5, 7.2),
    ('HS0062', 'L12A1', 'NH2122', 'MH0004', 'HK1', 7.5, 7.2, 7.8, 8.0, 7.6),
    ('HS0062', 'L12A1', 'NH2122', 'MH0005', 'HK1', 8.3, 8.0, 8.5, 8.6, 8.4),
    ('HS0062', 'L12A1', 'NH2122', 'MH0006', 'HK1', 7.9, 7.6, 8.2, 8.4, 8.0),
    ('HS0062', 'L12A1', 'NH2122', 'MH0007', 'HK1', 7.0, 6.8, 7.3, 7.4, 7.1),
    ('HS0062', 'L12A1', 'NH2122', 'MH0008', 'HK1', 6.7, 6.5, 6.9, 7.0, 6.8),
    ('HS0062', 'L12A1', 'NH2122', 'MH0009', 'HK1', 8.9, 8.7, 9.0, 9.1, 8.9),

    ('HS0063', 'L12A1', 'NH2122', 'MH0001', 'HK1', 8.0, 7.5, 7.8, 8.2, 7.9),
    ('HS0063', 'L12A1', 'NH2122', 'MH0002', 'HK1', 7.4, 7.2, 7.5, 7.7, 7.5),
    ('HS0063', 'L12A1', 'NH2122', 'MH0003', 'HK1', 8.5, 8.0, 8.3, 8.7, 8.4),
    ('HS0063', 'L12A1', 'NH2122', 'MH0004', 'HK1', 7.3, 7.1, 7.5, 7.6, 7.4),
    ('HS0063', 'L12A1', 'NH2122', 'MH0005', 'HK1', 8.2, 7.8, 8.0, 8.4, 8.1),
    ('HS0063', 'L12A1', 'NH2122', 'MH0006', 'HK1', 7.9, 7.5, 7.8, 8.0, 7.8),
    ('HS0063', 'L12A1', 'NH2122', 'MH0007', 'HK1', 7.2, 7.3, 7.4, 7.5, 7.3),
    ('HS0063', 'L12A1', 'NH2122', 'MH0008', 'HK1', 6.9, 7.0, 7.1, 7.2, 7.1),
    ('HS0063', 'L12A1', 'NH2122', 'MH0009', 'HK1', 9.0, 8.7, 8.9, 9.1, 8.9),

    ('HS0064', 'L12A1', 'NH2122', 'MH0001', 'HK1', 8.1, 7.8, 7.9, 8.4, 8.1),
    ('HS0064', 'L12A1', 'NH2122', 'MH0002', 'HK1', 7.6, 7.5, 7.8, 7.9, 7.7),
    ('HS0064', 'L12A1', 'NH2122', 'MH0003', 'HK1', 8.6, 8.4, 8.7, 8.8, 8.6),
    ('HS0064', 'L12A1', 'NH2122', 'MH0004', 'HK1', 7.4, 7.3, 7.6, 7.8, 7.5),
    ('HS0064', 'L12A1', 'NH2122', 'MH0005', 'HK1', 8.4, 8.2, 8.5, 8.6, 8.4),
    ('HS0064', 'L12A1', 'NH2122', 'MH0006', 'HK1', 8.0, 7.8, 8.1, 8.3, 8.1),
    ('HS0064', 'L12A1', 'NH2122', 'MH0007', 'HK1', 7.5, 7.4, 7.6, 7.8, 7.6),
    ('HS0064', 'L12A1', 'NH2122', 'MH0008', 'HK1', 7.1, 7.0, 7.2, 7.3, 7.2),
    ('HS0064', 'L12A1', 'NH2122', 'MH0009', 'HK1', 9.2, 9.0, 9.3, 9.4, 9.2),

    ('HS0065', 'L12A1', 'NH2122', 'MH0001', 'HK1', 8.3, 7.9, 8.2, 8.5, 8.2),
    ('HS0065', 'L12A1', 'NH2122', 'MH0002', 'HK1', 7.5, 7.4, 7.6, 7.8, 7.6),
    ('HS0065', 'L12A1', 'NH2122', 'MH0004', 'HK1', 7.8, 7.5, 7.9, 8.0, 7.8),
    ('HS0065', 'L12A1', 'NH2122', 'MH0005', 'HK1', 8.6, 8.4, 8.5, 8.7, 8.5),
    ('HS0065', 'L12A1', 'NH2122', 'MH0006', 'HK1', 8.1, 7.9, 8.2, 8.4, 8.2),
    ('HS0065', 'L12A1', 'NH2122', 'MH0007', 'HK1', 7.7, 7.5, 7.6, 7.8, 7.7),
    ('HS0065', 'L12A1', 'NH2122', 'MH0008', 'HK1', 7.3, 7.2, 7.4, 7.5, 7.4),
    ('HS0065', 'L12A1', 'NH2122', 'MH0009', 'HK1', 9.3, 9.1, 9.2, 9.4, 9.2),

    ('HS0066', 'L12A1', 'NH2122', 'MH0001', 'HK1', 8.4, 8.0, 8.3, 8.6, 8.4),
    ('HS0066', 'L12A1', 'NH2122', 'MH0002', 'HK1', 7.6, 7.3, 7.5, 7.7, 7.5),
    ('HS0066', 'L12A1', 'NH2122', 'MH0003', 'HK1', 8.8, 8.5, 8.7, 8.9, 8.7),
    ('HS0066', 'L12A1', 'NH2122', 'MH0004', 'HK1', 7.9, 7.6, 7.8, 8.0, 7.8),
    ('HS0066', 'L12A1', 'NH2122', 'MH0005', 'HK1', 8.5, 8.2, 8.4, 8.6, 8.4),
    ('HS0066', 'L12A1', 'NH2122', 'MH0006', 'HK1', 8.2, 8.0, 8.1, 8.3, 8.2),
    ('HS0066', 'L12A1', 'NH2122', 'MH0007', 'HK1', 7.8, 7.5, 7.6, 7.8, 7.7),
    ('HS0066', 'L12A1', 'NH2122', 'MH0008', 'HK1', 7.4, 7.3, 7.4, 7.6, 7.5),
    ('HS0066', 'L12A1', 'NH2122', 'MH0009', 'HK1', 9.4, 9.2, 9.3, 9.5, 9.3),

    ('HS0067', 'L12A1', 'NH2122', 'MH0001', 'HK1', 8.4, 8.0, 8.3, 8.6, 8.4),
    ('HS0067', 'L12A1', 'NH2122', 'MH0002', 'HK1', 7.6, 7.3, 7.5, 7.7, 7.5),
    ('HS0067', 'L12A1', 'NH2122', 'MH0003', 'HK1', 8.8, 8.5, 8.7, 8.9, 8.7),
    ('HS0067', 'L12A1', 'NH2122', 'MH0004', 'HK1', 7.9, 7.6, 7.8, 8.0, 7.8),
    ('HS0067', 'L12A1', 'NH2122', 'MH0005', 'HK1', 8.5, 8.2, 8.4, 8.6, 8.4),
    ('HS0067', 'L12A1', 'NH2122', 'MH0006', 'HK1', 8.2, 8.0, 8.1, 8.3, 8.2),
    ('HS0067', 'L12A1', 'NH2122', 'MH0007', 'HK1', 7.8, 7.5, 7.6, 7.8, 7.7),
    ('HS0067', 'L12A1', 'NH2122', 'MH0008', 'HK1', 7.4, 7.3, 7.4, 7.6, 7.5),
    ('HS0067', 'L12A1', 'NH2122', 'MH0009', 'HK1', 9.4, 9.2, 9.3, 9.5, 9.3),

    ('HS0068', 'L12A1', 'NH2122', 'MH0001', 'HK1', 8.4, 8.0, 8.3, 8.6, 8.4),
    ('HS0068', 'L12A1', 'NH2122', 'MH0002', 'HK1', 7.6, 7.3, 7.5, 7.7, 7.5),
    ('HS0068', 'L12A1', 'NH2122', 'MH0003', 'HK1', 8.8, 8.5, 8.7, 8.9, 8.7),
    ('HS0068', 'L12A1', 'NH2122', 'MH0004', 'HK1', 7.9, 7.6, 7.8, 8.0, 7.8),
    ('HS0068', 'L12A1', 'NH2122', 'MH0005', 'HK1', 8.5, 8.2, 8.4, 8.6, 8.4),
    ('HS0068', 'L12A1', 'NH2122', 'MH0006', 'HK1', 8.2, 8.0, 8.1, 8.3, 8.2),
    ('HS0068', 'L12A1', 'NH2122', 'MH0007', 'HK1', 7.8, 7.5, 7.6, 7.8, 7.7),
    ('HS0068', 'L12A1', 'NH2122', 'MH0008', 'HK1', 7.4, 7.3, 7.4, 7.6, 7.5),
    ('HS0068', 'L12A1', 'NH2122', 'MH0009', 'HK1', 9.4, 9.2, 9.3, 9.5, 9.3),

    ('HS0069', 'L12A1', 'NH2122', 'MH0001', 'HK1', 8.4, 8.0, 8.3, 8.6, 8.4),
    ('HS0069', 'L12A1', 'NH2122', 'MH0002', 'HK1', 7.6, 7.3, 7.5, 7.7, 7.5),
    ('HS0069', 'L12A1', 'NH2122', 'MH0003', 'HK1', 8.8, 8.5, 8.7, 8.9, 8.7),
    ('HS0069', 'L12A1', 'NH2122', 'MH0004', 'HK1', 7.9, 7.6, 7.8, 8.0, 7.8),
    ('HS0069', 'L12A1', 'NH2122', 'MH0006', 'HK1', 8.2, 8.0, 8.1, 8.3, 8.2),
    ('HS0069', 'L12A1', 'NH2122', 'MH0007', 'HK1', 7.8, 7.5, 7.6, 7.8, 7.7),
    ('HS0069', 'L12A1', 'NH2122', 'MH0008', 'HK1', 7.4, 7.3, 7.4, 7.6, 7.5),
    ('HS0069', 'L12A1', 'NH2122', 'MH0009', 'HK1', 9.4, 9.2, 9.3, 9.5, 9.3),

    ('HS0070', 'L12A1', 'NH2122', 'MH0001', 'HK1', 8.4, 8.0, 8.3, 8.6, 8.4),
    ('HS0070', 'L12A1', 'NH2122', 'MH0002', 'HK1', 7.6, 7.3, 7.5, 7.7, 7.5),
    ('HS0070', 'L12A1', 'NH2122', 'MH0003', 'HK1', 8.8, 8.5, 8.7, 8.9, 8.7),
    ('HS0070', 'L12A1', 'NH2122', 'MH0004', 'HK1', 7.9, 7.6, 7.8, 8.0, 7.8),
    ('HS0070', 'L12A1', 'NH2122', 'MH0005', 'HK1', 8.5, 8.2, 8.4, 8.6, 8.4),
    ('HS0070', 'L12A1', 'NH2122', 'MH0006', 'HK1', 8.2, 8.0, 8.1, 8.3, 8.2),
    ('HS0070', 'L12A1', 'NH2122', 'MH0007', 'HK1', 7.8, 7.5, 7.6, 7.8, 7.7),
    ('HS0070', 'L12A1', 'NH2122', 'MH0008', 'HK1', 7.4, 7.3, 7.4, 7.6, 7.5),
    ('HS0070', 'L12A1', 'NH2122', 'MH0009', 'HK1', 9.4, 9.2, 9.3, 9.5, 9.3),

    ('HS0071', 'L12A2', 'NH2122', 'MH0001', 'HK1', 8.2, 7.5, 8.0, 9.0, 8.1),
    ('HS0071', 'L12A2', 'NH2122', 'MH0002', 'HK1', 7.8, 6.5, 8.2, 7.9, 7.6),
    ('HS0071', 'L12A2', 'NH2122', 'MH0003', 'HK1', 9.0, 8.5, 9.2, 8.8, 8.9),
    ('HS0071', 'L12A2', 'NH2122', 'MH0004', 'HK1', 6.7, 7.0, 7.5, 6.9, 7.3),
    ('HS0071', 'L12A2', 'NH2122', 'MH0005', 'HK1', 7.5, 8.0, 7.8, 8.1, 7.9),
    ('HS0071', 'L12A2', 'NH2122', 'MH0006', 'HK1', 8.3, 7.9, 8.4, 8.7, 8.5),
    ('HS0071', 'L12A2', 'NH2122', 'MH0007', 'HK1', 7.0, 7.5, 7.3, 7.6, 7.4),
    ('HS0071', 'L12A2', 'NH2122', 'MH0008', 'HK1', 6.5, 6.7, 6.9, 7.2, 6.8),
    ('HS0071', 'L12A2', 'NH2122', 'MH0009', 'HK1', 9.0, 8.8, 9.1, 9.2, 9.0),

    ('HS0072', 'L12A2', 'NH2122', 'MH0001', 'HK1', 7.2, 6.9, 7.5, 7.8, 7.4),
    ('HS0072', 'L12A2', 'NH2122', 'MH0002', 'HK1', 8.1, 7.4, 8.0, 8.2, 7.9),
    ('HS0072', 'L12A2', 'NH2122', 'MH0003', 'HK1', 6.8, 7.0, 7.3, 7.5, 7.2),
    ('HS0072', 'L12A2', 'NH2122', 'MH0004', 'HK1', 7.5, 7.2, 7.8, 8.0, 7.6),
    ('HS0072', 'L12A2', 'NH2122', 'MH0005', 'HK1', 8.3, 8.0, 8.5, 8.6, 8.4),
    ('HS0072', 'L12A2', 'NH2122', 'MH0006', 'HK1', 7.9, 7.6, 8.2, 8.4, 8.0),
    ('HS0072', 'L12A2', 'NH2122', 'MH0007', 'HK1', 7.0, 6.8, 7.3, 7.4, 7.1),
    ('HS0072', 'L12A2', 'NH2122', 'MH0008', 'HK1', 6.7, 6.5, 6.9, 7.0, 6.8),
    ('HS0072', 'L12A2', 'NH2122', 'MH0009', 'HK1', 8.9, 8.7, 9.0, 9.1, 8.9),

    ('HS0073', 'L12A2', 'NH2122', 'MH0001', 'HK1', 8.0, 7.5, 7.8, 8.2, 7.9),
    ('HS0073', 'L12A2', 'NH2122', 'MH0002', 'HK1', 7.4, 7.2, 7.5, 7.7, 7.5),
    ('HS0073', 'L12A2', 'NH2122', 'MH0003', 'HK1', 8.5, 8.0, 8.3, 8.7, 8.4),
    ('HS0073', 'L12A2', 'NH2122', 'MH0004', 'HK1', 7.3, 7.1, 7.5, 7.6, 7.4),
    ('HS0073', 'L12A2', 'NH2122', 'MH0005', 'HK1', 8.2, 7.8, 8.0, 8.4, 8.1),
    ('HS0073', 'L12A2', 'NH2122', 'MH0006', 'HK1', 7.9, 7.5, 7.8, 8.0, 7.8),
    ('HS0073', 'L12A2', 'NH2122', 'MH0007', 'HK1', 7.2, 7.3, 7.4, 7.5, 7.3),
    ('HS0073', 'L12A2', 'NH2122', 'MH0008', 'HK1', 6.9, 7.0, 7.1, 7.2, 7.1),
    ('HS0073', 'L12A2', 'NH2122', 'MH0009', 'HK1', 9.0, 8.7, 8.9, 9.1, 8.9),

    ('HS0074', 'L12A2', 'NH2122', 'MH0001', 'HK1', 8.1, 7.8, 7.9, 8.4, 8.1),
    ('HS0074', 'L12A2', 'NH2122', 'MH0002', 'HK1', 7.6, 7.5, 7.8, 7.9, 7.7),
    ('HS0074', 'L12A2', 'NH2122', 'MH0003', 'HK1', 8.6, 8.4, 8.7, 8.8, 8.6),
    ('HS0074', 'L12A2', 'NH2122', 'MH0004', 'HK1', 7.4, 7.3, 7.6, 7.8, 7.5),
    ('HS0074', 'L12A2', 'NH2122', 'MH0005', 'HK1', 8.4, 8.2, 8.5, 8.6, 8.4),
    ('HS0074', 'L12A2', 'NH2122', 'MH0006', 'HK1', 8.0, 7.8, 8.1, 8.3, 8.1),
    ('HS0074', 'L12A2', 'NH2122', 'MH0007', 'HK1', 7.5, 7.4, 7.6, 7.8, 7.6),
    ('HS0074', 'L12A2', 'NH2122', 'MH0008', 'HK1', 7.1, 7.0, 7.2, 7.3, 7.2),
    ('HS0074', 'L12A2', 'NH2122', 'MH0009', 'HK1', 9.2, 9.0, 9.3, 9.4, 9.2),

    ('HS0075', 'L12A2', 'NH2122', 'MH0001', 'HK1', 8.3, 7.9, 8.2, 8.5, 8.2),
    ('HS0075', 'L12A2', 'NH2122', 'MH0002', 'HK1', 7.5, 7.4, 7.6, 7.8, 7.6),
    ('HS0075', 'L12A2', 'NH2122', 'MH0004', 'HK1', 7.8, 7.5, 7.9, 8.0, 7.8),
    ('HS0075', 'L12A2', 'NH2122', 'MH0005', 'HK1', 8.6, 8.4, 8.5, 8.7, 8.5),
    ('HS0075', 'L12A2', 'NH2122', 'MH0006', 'HK1', 8.1, 7.9, 8.2, 8.4, 8.2),
    ('HS0075', 'L12A2', 'NH2122', 'MH0007', 'HK1', 7.7, 7.5, 7.6, 7.8, 7.7),
    ('HS0075', 'L12A2', 'NH2122', 'MH0008', 'HK1', 7.3, 7.2, 7.4, 7.5, 7.4),
    ('HS0075', 'L12A2', 'NH2122', 'MH0009', 'HK1', 9.3, 9.1, 9.2, 9.4, 9.2),

    ('HS0076', 'L12A2', 'NH2122', 'MH0001', 'HK1', 8.4, 8.0, 8.3, 8.6, 8.4),
    ('HS0076', 'L12A2', 'NH2122', 'MH0002', 'HK1', 7.6, 7.3, 7.5, 7.7, 7.5),
    ('HS0076', 'L12A2', 'NH2122', 'MH0003', 'HK1', 8.8, 8.5, 8.7, 8.9, 8.7),
    ('HS0076', 'L12A2', 'NH2122', 'MH0004', 'HK1', 7.9, 7.6, 7.8, 8.0, 7.8),
    ('HS0076', 'L12A2', 'NH2122', 'MH0005', 'HK1', 8.5, 8.2, 8.4, 8.6, 8.4),
    ('HS0076', 'L12A2', 'NH2122', 'MH0006', 'HK1', 8.2, 8.0, 8.1, 8.3, 8.2),
    ('HS0076', 'L12A2', 'NH2122', 'MH0007', 'HK1', 7.8, 7.5, 7.6, 7.8, 7.7),
    ('HS0076', 'L12A2', 'NH2122', 'MH0008', 'HK1', 7.4, 7.3, 7.4, 7.6, 7.5),
    ('HS0076', 'L12A2', 'NH2122', 'MH0009', 'HK1', 9.4, 9.2, 9.3, 9.5, 9.3),

    ('HS0077', 'L12A2', 'NH2122', 'MH0001', 'HK1', 8.4, 8.0, 8.3, 8.6, 8.4),
    ('HS0077', 'L12A2', 'NH2122', 'MH0002', 'HK1', 7.6, 7.3, 7.5, 7.7, 7.5),
    ('HS0077', 'L12A2', 'NH2122', 'MH0003', 'HK1', 8.8, 8.5, 8.7, 8.9, 8.7),
    ('HS0077', 'L12A2', 'NH2122', 'MH0004', 'HK1', 7.9, 7.6, 7.8, 8.0, 7.8),
    ('HS0077', 'L12A2', 'NH2122', 'MH0005', 'HK1', 8.5, 8.2, 8.4, 8.6, 8.4),
    ('HS0077', 'L12A2', 'NH2122', 'MH0006', 'HK1', 8.2, 8.0, 8.1, 8.3, 8.2),
    ('HS0077', 'L12A2', 'NH2122', 'MH0007', 'HK1', 7.8, 7.5, 7.6, 7.8, 7.7),
    ('HS0077', 'L12A2', 'NH2122', 'MH0008', 'HK1', 7.4, 7.3, 7.4, 7.6, 7.5),
    ('HS0077', 'L12A2', 'NH2122', 'MH0009', 'HK1', 9.4, 9.2, 9.3, 9.5, 9.3),

    ('HS0078', 'L12A2', 'NH2122', 'MH0001', 'HK1', 8.4, 8.0, 8.3, 8.6, 8.4),
    ('HS0078', 'L12A2', 'NH2122', 'MH0002', 'HK1', 7.6, 7.3, 7.5, 7.7, 7.5),
    ('HS0078', 'L12A2', 'NH2122', 'MH0003', 'HK1', 8.8, 8.5, 8.7, 8.9, 8.7),
    ('HS0078', 'L12A2', 'NH2122', 'MH0004', 'HK1', 7.9, 7.6, 7.8, 8.0, 7.8),
    ('HS0078', 'L12A2', 'NH2122', 'MH0005', 'HK1', 8.5, 8.2, 8.4, 8.6, 8.4),
    ('HS0078', 'L12A2', 'NH2122', 'MH0006', 'HK1', 8.2, 8.0, 8.1, 8.3, 8.2),
    ('HS0078', 'L12A2', 'NH2122', 'MH0007', 'HK1', 7.8, 7.5, 7.6, 7.8, 7.7),
    ('HS0078', 'L12A2', 'NH2122', 'MH0008', 'HK1', 7.4, 7.3, 7.4, 7.6, 7.5),
    ('HS0078', 'L12A2', 'NH2122', 'MH0009', 'HK1', 9.4, 9.2, 9.3, 9.5, 9.3),

    ('HS0079', 'L12A2', 'NH2122', 'MH0001', 'HK1', 8.4, 8.0, 8.3, 8.6, 8.4),
    ('HS0079', 'L12A2', 'NH2122', 'MH0002', 'HK1', 7.6, 7.3, 7.5, 7.7, 7.5),
    ('HS0079', 'L12A2', 'NH2122', 'MH0003', 'HK1', 8.8, 8.5, 8.7, 8.9, 8.7),
    ('HS0079', 'L12A2', 'NH2122', 'MH0004', 'HK1', 7.9, 7.6, 7.8, 8.0, 7.8),
    ('HS0079', 'L12A2', 'NH2122', 'MH0006', 'HK1', 8.2, 8.0, 8.1, 8.3, 8.2),
    ('HS0079', 'L12A2', 'NH2122', 'MH0007', 'HK1', 7.8, 7.5, 7.6, 7.8, 7.7),
    ('HS0079', 'L12A2', 'NH2122', 'MH0008', 'HK1', 7.4, 7.3, 7.4, 7.6, 7.5),
    ('HS0079', 'L12A2', 'NH2122', 'MH0009', 'HK1', 9.4, 9.2, 9.3, 9.5, 9.3),

    ('HS0080', 'L12A2', 'NH2122', 'MH0001', 'HK1', 8.4, 8.0, 8.3, 8.6, 8.4),
    ('HS0080', 'L12A2', 'NH2122', 'MH0002', 'HK1', 7.6, 7.3, 7.5, 7.7, 7.5),
    ('HS0080', 'L12A2', 'NH2122', 'MH0003', 'HK1', 8.8, 8.5, 8.7, 8.9, 8.7),
    ('HS0080', 'L12A2', 'NH2122', 'MH0004', 'HK1', 7.9, 7.6, 7.8, 8.0, 7.8),
    ('HS0080', 'L12A2', 'NH2122', 'MH0005', 'HK1', 8.5, 8.2, 8.4, 8.6, 8.4),
    ('HS0080', 'L12A2', 'NH2122', 'MH0006', 'HK1', 8.2, 8.0, 8.1, 8.3, 8.2),
    ('HS0080', 'L12A2', 'NH2122', 'MH0007', 'HK1', 7.8, 7.5, 7.6, 7.8, 7.7),
    ('HS0080', 'L12A2', 'NH2122', 'MH0008', 'HK1', 7.4, 7.3, 7.4, 7.6, 7.5),
    ('HS0080', 'L12A2', 'NH2122', 'MH0009', 'HK1', 9.4, 9.2, 9.3, 9.5, 9.3),

    ('HS0081', 'L12A3', 'NH2122', 'MH0001', 'HK1', 8.2, 7.5, 8.0, 9.0, 8.1),
    ('HS0081', 'L12A3', 'NH2122', 'MH0002', 'HK1', 7.8, 6.5, 8.2, 7.9, 7.6),
    ('HS0081', 'L12A3', 'NH2122', 'MH0003', 'HK1', 9.0, 8.5, 9.2, 8.8, 8.9),
    ('HS0081', 'L12A3', 'NH2122', 'MH0004', 'HK1', 6.7, 7.0, 7.5, 6.9, 7.3),
    ('HS0081', 'L12A3', 'NH2122', 'MH0005', 'HK1', 7.5, 8.0, 7.8, 8.1, 7.9),
    ('HS0081', 'L12A3', 'NH2122', 'MH0006', 'HK1', 8.3, 7.9, 8.4, 8.7, 8.5),
    ('HS0081', 'L12A3', 'NH2122', 'MH0007', 'HK1', 7.0, 7.5, 7.3, 7.6, 7.4),
    ('HS0081', 'L12A3', 'NH2122', 'MH0008', 'HK1', 6.5, 6.7, 6.9, 7.2, 6.8),
    ('HS0081', 'L12A3', 'NH2122', 'MH0009', 'HK1', 9.0, 8.8, 9.1, 9.2, 9.0),

    ('HS0082', 'L12A3', 'NH2122', 'MH0001', 'HK1', 7.2, 6.9, 7.5, 7.8, 7.4),
    ('HS0082', 'L12A3', 'NH2122', 'MH0002', 'HK1', 8.1, 7.4, 8.0, 8.2, 7.9),
    ('HS0082', 'L12A3', 'NH2122', 'MH0003', 'HK1', 6.8, 7.0, 7.3, 7.5, 7.2),
    ('HS0082', 'L12A3', 'NH2122', 'MH0004', 'HK1', 7.5, 7.2, 7.8, 8.0, 7.6),
    ('HS0082', 'L12A3', 'NH2122', 'MH0005', 'HK1', 8.3, 8.0, 8.5, 8.6, 8.4),
    ('HS0082', 'L12A3', 'NH2122', 'MH0006', 'HK1', 7.9, 7.6, 8.2, 8.4, 8.0),
    ('HS0082', 'L12A3', 'NH2122', 'MH0007', 'HK1', 7.0, 6.8, 7.3, 7.4, 7.1),
    ('HS0082', 'L12A3', 'NH2122', 'MH0008', 'HK1', 6.7, 6.5, 6.9, 7.0, 6.8),
    ('HS0082', 'L12A3', 'NH2122', 'MH0009', 'HK1', 8.9, 8.7, 9.0, 9.1, 8.9),

    ('HS0083', 'L12A3', 'NH2122', 'MH0001', 'HK1', 8.0, 7.5, 7.8, 8.2, 7.9),
    ('HS0083', 'L12A3', 'NH2122', 'MH0002', 'HK1', 7.4, 7.2, 7.5, 7.7, 7.5),
    ('HS0083', 'L12A3', 'NH2122', 'MH0003', 'HK1', 8.5, 8.0, 8.3, 8.7, 8.4),
    ('HS0083', 'L12A3', 'NH2122', 'MH0004', 'HK1', 7.3, 7.1, 7.5, 7.6, 7.4),
    ('HS0083', 'L12A3', 'NH2122', 'MH0005', 'HK1', 8.2, 7.8, 8.0, 8.4, 8.1),
    ('HS0083', 'L12A3', 'NH2122', 'MH0006', 'HK1', 7.9, 7.5, 7.8, 8.0, 7.8),
    ('HS0083', 'L12A3', 'NH2122', 'MH0007', 'HK1', 7.2, 7.3, 7.4, 7.5, 7.3),
    ('HS0083', 'L12A3', 'NH2122', 'MH0008', 'HK1', 6.9, 7.0, 7.1, 7.2, 7.1),
    ('HS0083', 'L12A3', 'NH2122', 'MH0009', 'HK1', 9.0, 8.7, 8.9, 9.1, 8.9),

    ('HS0084', 'L12A3', 'NH2122', 'MH0001', 'HK1', 8.1, 7.8, 7.9, 8.4, 8.1),
    ('HS0084', 'L12A3', 'NH2122', 'MH0002', 'HK1', 7.6, 7.5, 7.8, 7.9, 7.7),
    ('HS0084', 'L12A3', 'NH2122', 'MH0003', 'HK1', 8.6, 8.4, 8.7, 8.8, 8.6),
    ('HS0084', 'L12A3', 'NH2122', 'MH0004', 'HK1', 7.4, 7.3, 7.6, 7.8, 7.5),
    ('HS0084', 'L12A3', 'NH2122', 'MH0005', 'HK1', 8.4, 8.2, 8.5, 8.6, 8.4),
    ('HS0084', 'L12A3', 'NH2122', 'MH0006', 'HK1', 8.0, 7.8, 8.1, 8.3, 8.1),
    ('HS0084', 'L12A3', 'NH2122', 'MH0007', 'HK1', 7.5, 7.4, 7.6, 7.8, 7.6),
    ('HS0084', 'L12A3', 'NH2122', 'MH0008', 'HK1', 7.1, 7.0, 7.2, 7.3, 7.2),
    ('HS0084', 'L12A3', 'NH2122', 'MH0009', 'HK1', 9.2, 9.0, 9.3, 9.4, 9.2),

    ('HS0085', 'L12A3', 'NH2122', 'MH0001', 'HK1', 8.3, 7.9, 8.2, 8.5, 8.2),
    ('HS0085', 'L12A3', 'NH2122', 'MH0002', 'HK1', 7.5, 7.4, 7.6, 7.8, 7.6),
    ('HS0085', 'L12A3', 'NH2122', 'MH0004', 'HK1', 7.8, 7.5, 7.9, 8.0, 7.8),
    ('HS0085', 'L12A3', 'NH2122', 'MH0005', 'HK1', 8.6, 8.4, 8.5, 8.7, 8.5),
    ('HS0085', 'L12A3', 'NH2122', 'MH0006', 'HK1', 8.1, 7.9, 8.2, 8.4, 8.2),
    ('HS0085', 'L12A3', 'NH2122', 'MH0007', 'HK1', 7.7, 7.5, 7.6, 7.8, 7.7),
    ('HS0085', 'L12A3', 'NH2122', 'MH0008', 'HK1', 7.3, 7.2, 7.4, 7.5, 7.4),
    ('HS0085', 'L12A3', 'NH2122', 'MH0009', 'HK1', 9.3, 9.1, 9.2, 9.4, 9.2),

    ('HS0086', 'L12A3', 'NH2122', 'MH0001', 'HK1', 8.4, 8.0, 8.3, 8.6, 8.4),
    ('HS0086', 'L12A3', 'NH2122', 'MH0002', 'HK1', 7.6, 7.3, 7.5, 7.7, 7.5),
    ('HS0086', 'L12A3', 'NH2122', 'MH0003', 'HK1', 8.8, 8.5, 8.7, 8.9, 8.7),
    ('HS0086', 'L12A3', 'NH2122', 'MH0004', 'HK1', 7.9, 7.6, 7.8, 8.0, 7.8),
    ('HS0086', 'L12A3', 'NH2122', 'MH0005', 'HK1', 8.5, 8.2, 8.4, 8.6, 8.4),
    ('HS0086', 'L12A3', 'NH2122', 'MH0006', 'HK1', 8.2, 8.0, 8.1, 8.3, 8.2),
    ('HS0086', 'L12A3', 'NH2122', 'MH0007', 'HK1', 7.8, 7.5, 7.6, 7.8, 7.7),
    ('HS0086', 'L12A3', 'NH2122', 'MH0008', 'HK1', 7.4, 7.3, 7.4, 7.6, 7.5),
    ('HS0086', 'L12A3', 'NH2122', 'MH0009', 'HK1', 9.4, 9.2, 9.3, 9.5, 9.3),

    ('HS0087', 'L12A3', 'NH2122', 'MH0001', 'HK1', 8.4, 8.0, 8.3, 8.6, 8.4),
    ('HS0087', 'L12A3', 'NH2122', 'MH0002', 'HK1', 7.6, 7.3, 7.5, 7.7, 7.5),
    ('HS0087', 'L12A3', 'NH2122', 'MH0003', 'HK1', 8.8, 8.5, 8.7, 8.9, 8.7),
    ('HS0087', 'L12A3', 'NH2122', 'MH0004', 'HK1', 7.9, 7.6, 7.8, 8.0, 7.8),
    ('HS0087', 'L12A3', 'NH2122', 'MH0005', 'HK1', 8.5, 8.2, 8.4, 8.6, 8.4),
    ('HS0087', 'L12A3', 'NH2122', 'MH0006', 'HK1', 8.2, 8.0, 8.1, 8.3, 8.2),
    ('HS0087', 'L12A3', 'NH2122', 'MH0007', 'HK1', 7.8, 7.5, 7.6, 7.8, 7.7),
    ('HS0087', 'L12A3', 'NH2122', 'MH0008', 'HK1', 7.4, 7.3, 7.4, 7.6, 7.5),
    ('HS0087', 'L12A3', 'NH2122', 'MH0009', 'HK1', 9.4, 9.2, 9.3, 9.5, 9.3),

    ('HS0088', 'L12A3', 'NH2122', 'MH0001', 'HK1', 8.4, 8.0, 8.3, 8.6, 8.4),
    ('HS0088', 'L12A3', 'NH2122', 'MH0002', 'HK1', 7.6, 7.3, 7.5, 7.7, 7.5),
    ('HS0088', 'L12A3', 'NH2122', 'MH0003', 'HK1', 8.8, 8.5, 8.7, 8.9, 8.7),
    ('HS0088', 'L12A3', 'NH2122', 'MH0004', 'HK1', 7.9, 7.6, 7.8, 8.0, 7.8),
    ('HS0088', 'L12A3', 'NH2122', 'MH0005', 'HK1', 8.5, 8.2, 8.4, 8.6, 8.4),
    ('HS0088', 'L12A3', 'NH2122', 'MH0006', 'HK1', 8.2, 8.0, 8.1, 8.3, 8.2),
    ('HS0088', 'L12A3', 'NH2122', 'MH0007', 'HK1', 7.8, 7.5, 7.6, 7.8, 7.7),
    ('HS0088', 'L12A3', 'NH2122', 'MH0008', 'HK1', 7.4, 7.3, 7.4, 7.6, 7.5),
    ('HS0088', 'L12A3', 'NH2122', 'MH0009', 'HK1', 9.4, 9.2, 9.3, 9.5, 9.3),

    ('HS0089', 'L12A3', 'NH2122', 'MH0001', 'HK1', 8.4, 8.0, 8.3, 8.6, 8.4),
    ('HS0089', 'L12A3', 'NH2122', 'MH0002', 'HK1', 7.6, 7.3, 7.5, 7.7, 7.5),
    ('HS0089', 'L12A3', 'NH2122', 'MH0003', 'HK1', 8.8, 8.5, 8.7, 8.9, 8.7),
    ('HS0089', 'L12A3', 'NH2122', 'MH0004', 'HK1', 7.9, 7.6, 7.8, 8.0, 7.8),
    ('HS0089', 'L12A3', 'NH2122', 'MH0006', 'HK1', 8.2, 8.0, 8.1, 8.3, 8.2),
    ('HS0089', 'L12A3', 'NH2122', 'MH0007', 'HK1', 7.8, 7.5, 7.6, 7.8, 7.7),
    ('HS0089', 'L12A3', 'NH2122', 'MH0008', 'HK1', 7.4, 7.3, 7.4, 7.6, 7.5),
    ('HS0089', 'L12A3', 'NH2122', 'MH0009', 'HK1', 9.4, 9.2, 9.3, 9.5, 9.3),

    ('HS0090', 'L12A3', 'NH2122', 'MH0001', 'HK1', 8.4, 8.0, 8.3, 8.6, 8.4),
    ('HS0090', 'L12A3', 'NH2122', 'MH0002', 'HK1', 7.6, 7.3, 7.5, 7.7, 7.5),
    ('HS0090', 'L12A3', 'NH2122', 'MH0003', 'HK1', 8.8, 8.5, 8.7, 8.9, 8.7),
    ('HS0090', 'L12A3', 'NH2122', 'MH0004', 'HK1', 7.9, 7.6, 7.8, 8.0, 7.8),
    ('HS0090', 'L12A3', 'NH2122', 'MH0005', 'HK1', 8.5, 8.2, 8.4, 8.6, 8.4),
    ('HS0090', 'L12A3', 'NH2122', 'MH0006', 'HK1', 8.2, 8.0, 8.1, 8.3, 8.2),
    ('HS0090', 'L12A3', 'NH2122', 'MH0007', 'HK1', 7.8, 7.5, 7.6, 7.8, 7.7),
    ('HS0090', 'L12A3', 'NH2122', 'MH0008', 'HK1', 7.4, 7.3, 7.4, 7.6, 7.5),
    ('HS0090', 'L12A3', 'NH2122', 'MH0009', 'HK1', 9.4, 9.2, 9.3, 9.5, 9.3);

# bang ket qua lop hoc hoc ky
insert into kq_lophoc_hocky
(MaLop, MaNamHoc, MaHocKy, SoLuongDat)
values
    ('L10A1','NH2122','HK1',10),
    ('L10A2','NH2122','HK1',10),
    ('L10A3','NH2122','HK1',10),
    ('L11A1','NH2122','HK1',10);
insert into kq_lophoc_hocky
(MaLop, MaNamHoc, MaHocKy, SoLuongDat)
values
    ('L11A2','NH2122','HK1',10),
    ('L11A3','NH2122','HK1',10),
    ('L12A1','NH2122','HK1',10),
    ('L12A2','NH2122','HK1',10),
    ('L12A3','NH2122','HK1',10);

# bang kq lop hoc mon hoc
insert into kq_lophoc_monhoc
(MaLop, MaNamHoc, MaMonHoc, MaHocKy, SoLuongDat)
values
    ('L10A1', 'NH2122', 'MH0001', 'HK1', 10),
    ('L10A1', 'NH2122', 'MH0002', 'HK1', 10),
    ('L10A1', 'NH2122', 'MH0003', 'HK1', 10),
    ('L10A1', 'NH2122', 'MH0004', 'HK1', 10),
    ('L10A1', 'NH2122', 'MH0005', 'HK1', 10),
    ('L10A1', 'NH2122', 'MH0006', 'HK1', 10),
    ('L10A1', 'NH2122', 'MH0007', 'HK1', 10),
    ('L10A1', 'NH2122', 'MH0008', 'HK1', 10),
    ('L10A1', 'NH2122', 'MH0009', 'HK1', 10),

    ('L10A2', 'NH2122', 'MH0001', 'HK1', 10),
    ('L10A2', 'NH2122', 'MH0002', 'HK1', 10),
    ('L10A2', 'NH2122', 'MH0003', 'HK1', 10),
    ('L10A2', 'NH2122', 'MH0004', 'HK1', 10),
    ('L10A2', 'NH2122', 'MH0005', 'HK1', 10),
    ('L10A2', 'NH2122', 'MH0006', 'HK1', 10),
    ('L10A2', 'NH2122', 'MH0007', 'HK1', 10),
    ('L10A2', 'NH2122', 'MH0008', 'HK1', 10),
    ('L10A2', 'NH2122', 'MH0009', 'HK1', 10),

    ('L10A3', 'NH2122', 'MH0001', 'HK1', 10),
    ('L10A3', 'NH2122', 'MH0002', 'HK1', 10),
    ('L10A3', 'NH2122', 'MH0003', 'HK1', 10),
    ('L10A3', 'NH2122', 'MH0004', 'HK1', 10),
    ('L10A3', 'NH2122', 'MH0005', 'HK1', 10),
    ('L10A3', 'NH2122', 'MH0006', 'HK1', 10),
    ('L10A3', 'NH2122', 'MH0007', 'HK1', 10),
    ('L10A3', 'NH2122', 'MH0008', 'HK1', 10),
    ('L10A3', 'NH2122', 'MH0009', 'HK1', 10),

    ('L11A1', 'NH2122', 'MH0001', 'HK1', 10),
    ('L11A1', 'NH2122', 'MH0002', 'HK1', 10),
    ('L11A1', 'NH2122', 'MH0003', 'HK1', 10),
    ('L11A1', 'NH2122', 'MH0004', 'HK1', 10),
    ('L11A1', 'NH2122', 'MH0005', 'HK1', 10),
    ('L11A1', 'NH2122', 'MH0006', 'HK1', 10),
    ('L11A1', 'NH2122', 'MH0007', 'HK1', 10),
    ('L11A1', 'NH2122', 'MH0008', 'HK1', 10),
    ('L11A1', 'NH2122', 'MH0009', 'HK1', 10);
insert into kq_lophoc_monhoc
(MaLop, MaNamHoc, MaMonHoc, MaHocKy, SoLuongDat)
values
    ('L11A2', 'NH2122', 'MH0001', 'HK1', 10),
    ('L11A2', 'NH2122', 'MH0002', 'HK1', 10),
    ('L11A2', 'NH2122', 'MH0003', 'HK1', 10),
    ('L11A2', 'NH2122', 'MH0004', 'HK1', 10),
    ('L11A2', 'NH2122', 'MH0005', 'HK1', 10),
    ('L11A2', 'NH2122', 'MH0006', 'HK1', 10),
    ('L11A2', 'NH2122', 'MH0007', 'HK1', 10),
    ('L11A2', 'NH2122', 'MH0008', 'HK1', 10),
    ('L11A2', 'NH2122', 'MH0009', 'HK1', 10),

    ('L11A3', 'NH2122', 'MH0001', 'HK1', 10),
    ('L11A3', 'NH2122', 'MH0002', 'HK1', 10),
    ('L11A3', 'NH2122', 'MH0003', 'HK1', 10),
    ('L11A3', 'NH2122', 'MH0004', 'HK1', 10),
    ('L11A3', 'NH2122', 'MH0005', 'HK1', 10),
    ('L11A3', 'NH2122', 'MH0006', 'HK1', 10),
    ('L11A3', 'NH2122', 'MH0007', 'HK1', 10),
    ('L11A3', 'NH2122', 'MH0008', 'HK1', 10),
    ('L11A3', 'NH2122', 'MH0009', 'HK1', 10),

    ('L12A1', 'NH2122', 'MH0001', 'HK1', 10),
    ('L12A1', 'NH2122', 'MH0002', 'HK1', 10),
    ('L12A1', 'NH2122', 'MH0003', 'HK1', 10),
    ('L12A1', 'NH2122', 'MH0004', 'HK1', 10),
    ('L12A1', 'NH2122', 'MH0005', 'HK1', 10),
    ('L12A1', 'NH2122', 'MH0006', 'HK1', 10),
    ('L12A1', 'NH2122', 'MH0007', 'HK1', 10),
    ('L12A1', 'NH2122', 'MH0008', 'HK1', 10),
    ('L12A1', 'NH2122', 'MH0009', 'HK1', 10),

    ('L12A2', 'NH2122', 'MH0001', 'HK1', 10),
    ('L12A2', 'NH2122', 'MH0002', 'HK1', 10),
    ('L12A2', 'NH2122', 'MH0003', 'HK1', 10),
    ('L12A2', 'NH2122', 'MH0004', 'HK1', 10),
    ('L12A2', 'NH2122', 'MH0005', 'HK1', 10),
    ('L12A2', 'NH2122', 'MH0006', 'HK1', 10),
    ('L12A2', 'NH2122', 'MH0007', 'HK1', 10),
    ('L12A2', 'NH2122', 'MH0008', 'HK1', 10),
    ('L12A2', 'NH2122', 'MH0009', 'HK1', 10),

    ('L12A3', 'NH2122', 'MH0001', 'HK1', 10),
    ('L12A3', 'NH2122', 'MH0002', 'HK1', 10),
    ('L12A3', 'NH2122', 'MH0003', 'HK1', 10),
    ('L12A3', 'NH2122', 'MH0004', 'HK1', 10),
    ('L12A3', 'NH2122', 'MH0005', 'HK1', 10),
    ('L12A3', 'NH2122', 'MH0006', 'HK1', 10),
    ('L12A3', 'NH2122', 'MH0007', 'HK1', 10),
    ('L12A3', 'NH2122', 'MH0008', 'HK1', 10),
    ('L12A3', 'NH2122', 'MH0009', 'HK1', 10);

# bang phan cong
INSERT INTO phancong (STT, MaNamHoc, MaLop, MaMonHoc, MaGiaoVien)
VALUES
    (1, 'NH2122', 'L10A1', 'MH0001', 'GV0001'),
    (2, 'NH2122', 'L10A1', 'MH0002', 'GV0002'),
    (3, 'NH2122', 'L10A1', 'MH0003', 'GV0003'),
    (4, 'NH2122', 'L10A1', 'MH0004', 'GV0004'),
    (5, 'NH2122', 'L10A1', 'MH0005', 'GV0005'),
    (6, 'NH2122', 'L10A1', 'MH0006', 'GV0006'),

    (7, 'NH2122', 'L10A2', 'MH0001', 'GV0001'),
    (8, 'NH2122', 'L10A2', 'MH0002', 'GV0002'),
    (9, 'NH2122', 'L10A2', 'MH0003', 'GV0003'),
    (10, 'NH2122', 'L10A2', 'MH0004', 'GV0004'),
    (11, 'NH2122', 'L10A2', 'MH0005', 'GV0005'),
    (12, 'NH2122', 'L10A2', 'MH0006', 'GV0006'),

    (13, 'NH2122', 'L10A3', 'MH0001', 'GV0010'),
    (14, 'NH2122', 'L10A3', 'MH0002', 'GV0011'),
    (15, 'NH2122', 'L10A3', 'MH0003', 'GV0012'),
    (16, 'NH2122', 'L10A3', 'MH0004', 'GV0013'),
    (17, 'NH2122', 'L10A3', 'MH0005', 'GV0014'),
    (18, 'NH2122', 'L10A3', 'MH0006', 'GV0015'),

    (19, 'NH2122', 'L11A1', 'MH0001', 'GV0019'),
    (20, 'NH2122', 'L11A1', 'MH0002', 'GV0020'),
    (21, 'NH2122', 'L11A1', 'MH0003', 'GV0021'),
    (22, 'NH2122', 'L11A1', 'MH0004', 'GV0022'),
    (23, 'NH2122', 'L11A1', 'MH0005', 'GV0023'),
    (24, 'NH2122', 'L11A1', 'MH0006', 'GV0024'),

    (25, 'NH2122', 'L11A2', 'MH0001', 'GV0001'),
    (26, 'NH2122', 'L11A2', 'MH0002', 'GV0002'),
    (27, 'NH2122', 'L11A2', 'MH0003', 'GV0003'),
    (28, 'NH2122', 'L11A2', 'MH0004', 'GV0004'),
    (29, 'NH2122', 'L11A2', 'MH0005', 'GV0005'),
    (30, 'NH2122', 'L11A2', 'MH0006', 'GV0006'),

    (31, 'NH2122', 'L11A3', 'MH0001', 'GV0019'),
    (32, 'NH2122', 'L11A3', 'MH0002', 'GV0020'),
    (33, 'NH2122', 'L11A3', 'MH0003', 'GV0021'),
    (34, 'NH2122', 'L11A3', 'MH0004', 'GV0022'),
    (35, 'NH2122', 'L11A3', 'MH0005', 'GV0023'),
    (36, 'NH2122', 'L11A3', 'MH0006', 'GV0024'),

    (37, 'NH2122', 'L12A1', 'MH0001', 'GV0028'),
    (38, 'NH2122', 'L12A1', 'MH0002', 'GV0029'),
    (39, 'NH2122', 'L12A1', 'MH0003', 'GV0030'),
    (40, 'NH2122', 'L12A1', 'MH0004', 'GV0022'),
    (41, 'NH2122', 'L12A1', 'MH0005', 'GV0023'),
    (42, 'NH2122', 'L12A1', 'MH0006', 'GV0024'),

    (43, 'NH2122', 'L12A2', 'MH0001', 'GV0028'),
    (44, 'NH2122', 'L12A2', 'MH0002', 'GV0029'),
    (45, 'NH2122', 'L12A2', 'MH0003', 'GV0030'),
    (46, 'NH2122', 'L12A2', 'MH0004', 'GV0022'),
    (47, 'NH2122', 'L12A2', 'MH0005', 'GV0023'),
    (48, 'NH2122', 'L12A2', 'MH0006', 'GV0024'),

    (49, 'NH2122', 'L12A3', 'MH0001', 'GV0019'),
    (50, 'NH2122', 'L12A3', 'MH0002', 'GV0020'),
    (51, 'NH2122', 'L12A3', 'MH0003', 'GV0021'),
    (52, 'NH2122', 'L12A3', 'MH0007', 'GV0025'),
    (53, 'NH2122', 'L12A3', 'MH0008', 'GV0026'),
    (54, 'NH2122', 'L12A3', 'MH0009', 'GV0027');

# bang phan lop
insert into phanlop
(MaNamHoc, MaKhoiLop, MaLop, MaHocSinh)
values
    ('NH2122','KHOI10','L10A1','HS0001'),
    ('NH2122', 'KHOI10', 'L10A1', 'HS0002'),
    ('NH2122', 'KHOI10', 'L10A1', 'HS0003'),
    ('NH2122', 'KHOI10', 'L10A1', 'HS0004'),
    ('NH2122', 'KHOI10', 'L10A1', 'HS0005'),
    ('NH2122', 'KHOI10', 'L10A1', 'HS0006'),
    ('NH2122', 'KHOI10', 'L10A1', 'HS0007'),
    ('NH2122', 'KHOI10', 'L10A1', 'HS0008'),
    ('NH2122', 'KHOI10', 'L10A1', 'HS0009'),
    ('NH2122', 'KHOI10', 'L10A1', 'HS0010'),
    ('NH2122', 'KHOI10', 'L10A2', 'HS0011'),
    ('NH2122', 'KHOI10', 'L10A2', 'HS0012'),
    ('NH2122', 'KHOI10', 'L10A2', 'HS0013'),
    ('NH2122', 'KHOI10', 'L10A2', 'HS0014'),
    ('NH2122', 'KHOI10', 'L10A2', 'HS0015'),
    ('NH2122', 'KHOI10', 'L10A2', 'HS0016'),
    ('NH2122', 'KHOI10', 'L10A2', 'HS0017'),
    ('NH2122', 'KHOI10', 'L10A2', 'HS0018'),
    ('NH2122', 'KHOI10', 'L10A2', 'HS0019'),
    ('NH2122', 'KHOI10', 'L10A2', 'HS0020'),
    ('NH2122', 'KHOI10', 'L10A3', 'HS0021'),
    ('NH2122', 'KHOI10', 'L10A3', 'HS0022'),
    ('NH2122', 'KHOI10', 'L10A3', 'HS0023'),
    ('NH2122', 'KHOI10', 'L10A3', 'HS0024'),
    ('NH2122', 'KHOI10', 'L10A3', 'HS0025'),
    ('NH2122', 'KHOI10', 'L10A3', 'HS0026'),
    ('NH2122', 'KHOI10', 'L10A3', 'HS0027'),
    ('NH2122', 'KHOI10', 'L10A3', 'HS0028'),
    ('NH2122', 'KHOI10', 'L10A3', 'HS0029'),
    ('NH2122', 'KHOI10', 'L10A3', 'HS0030'),
    ('NH2122', 'KHOI11', 'L11A1', 'HS0031'),
    ('NH2122', 'KHOI11', 'L11A1', 'HS0032'),
    ('NH2122', 'KHOI11', 'L11A1', 'HS0033'),
    ('NH2122', 'KHOI11', 'L11A1', 'HS0034'),
    ('NH2122', 'KHOI11', 'L11A1', 'HS0035'),
    ('NH2122', 'KHOI11', 'L11A1', 'HS0036'),
    ('NH2122', 'KHOI11', 'L11A1', 'HS0037'),
    ('NH2122', 'KHOI11', 'L11A1', 'HS0038'),
    ('NH2122', 'KHOI11', 'L11A1', 'HS0039'),
    ('NH2122', 'KHOI11', 'L11A1', 'HS0040');
insert into phanlop
(MaNamHoc, MaKhoiLop, MaLop, MaHocSinh)
values
    ('NH2122', 'KHOI11', 'L11A2', 'HS0041'),
    ('NH2122', 'KHOI11', 'L11A2', 'HS0042'),
    ('NH2122', 'KHOI11', 'L11A2', 'HS0043'),
    ('NH2122', 'KHOI11', 'L11A2', 'HS0044'),
    ('NH2122', 'KHOI11', 'L11A2', 'HS0045'),
    ('NH2122', 'KHOI11', 'L11A2', 'HS0046'),
    ('NH2122', 'KHOI11', 'L11A2', 'HS0047'),
    ('NH2122', 'KHOI11', 'L11A2', 'HS0048'),
    ('NH2122', 'KHOI11', 'L11A2', 'HS0049'),
    ('NH2122', 'KHOI11', 'L11A2', 'HS0050'),

    ('NH2122', 'KHOI11', 'L11A3', 'HS0051'),
    ('NH2122', 'KHOI11', 'L11A3', 'HS0052'),
    ('NH2122', 'KHOI11', 'L11A3', 'HS0053'),
    ('NH2122', 'KHOI11', 'L11A3', 'HS0054'),
    ('NH2122', 'KHOI11', 'L11A3', 'HS0055'),
    ('NH2122', 'KHOI11', 'L11A3', 'HS0056'),
    ('NH2122', 'KHOI11', 'L11A3', 'HS0057'),
    ('NH2122', 'KHOI11', 'L11A3', 'HS0058'),
    ('NH2122', 'KHOI11', 'L11A3', 'HS0059'),
    ('NH2122', 'KHOI11', 'L11A3', 'HS0060'),

    ('NH2122', 'KHOI11', 'L12A1', 'HS0061'),
    ('NH2122', 'KHOI11', 'L12A1', 'HS0062'),
    ('NH2122', 'KHOI11', 'L12A1', 'HS0063'),
    ('NH2122', 'KHOI11', 'L12A1', 'HS0064'),
    ('NH2122', 'KHOI11', 'L12A1', 'HS0065'),
    ('NH2122', 'KHOI11', 'L12A1', 'HS0066'),
    ('NH2122', 'KHOI11', 'L12A1', 'HS0067'),
    ('NH2122', 'KHOI11', 'L12A1', 'HS0068'),
    ('NH2122', 'KHOI11', 'L12A1', 'HS0069'),
    ('NH2122', 'KHOI11', 'L12A1', 'HS0070'),

    ('NH2122', 'KHOI12', 'L12A2', 'HS0071'),
    ('NH2122', 'KHOI12', 'L12A2', 'HS0072'),
    ('NH2122', 'KHOI12', 'L12A2', 'HS0073'),
    ('NH2122', 'KHOI12', 'L12A2', 'HS0074'),
    ('NH2122', 'KHOI12', 'L12A2', 'HS0075'),
    ('NH2122', 'KHOI12', 'L12A2', 'HS0076'),
    ('NH2122', 'KHOI12', 'L12A2', 'HS0077'),
    ('NH2122', 'KHOI12', 'L12A2', 'HS0078'),
    ('NH2122', 'KHOI12', 'L12A2', 'HS0079'),
    ('NH2122', 'KHOI12', 'L12A2', 'HS0080'),

    ('NH2122', 'KHOI12', 'L12A3', 'HS0081'),
    ('NH2122', 'KHOI12', 'L12A3', 'HS0082'),
    ('NH2122', 'KHOI12', 'L12A3', 'HS0083'),
    ('NH2122', 'KHOI12', 'L12A3', 'HS0084'),
    ('NH2122', 'KHOI12', 'L12A3', 'HS0085'),
    ('NH2122', 'KHOI12', 'L12A3', 'HS0086'),
    ('NH2122', 'KHOI12', 'L12A3', 'HS0087'),
    ('NH2122', 'KHOI12', 'L12A3', 'HS0088'),
    ('NH2122', 'KHOI12', 'L12A3', 'HS0089'),
    ('NH2122', 'KHOI12', 'L12A3', 'HS0090');



